 ,Label,Area,Mean,Min,Max
1,,0.043,111.473,65.333,213.333
2,,0.141,156.703,70.333,249.333
3,,0.012,124.550,85.000,215.000
4,,0.103,123.652,78.667,222.333
5,,0.087,139.318,82.000,226.667
6,,0.035,136.172,99.667,212.000
7,,0.036,131.367,64.000,220.667
8,,0.007,130.658,95.667,184.000
9,,0.455,144.773,81.333,235.000
10,,0.191,164.582,74.667,229.333
11,,0.131,164.548,75.000,229.333
12,,1.018,160.900,67.667,248.667
13,,0.075,148.856,82.000,222.000
14,,0.521,147.066,69.333,229.000
15,Mean,0.204,141.759,77.905,224.048
16,SD,0.282,16.472,10.710,16.212
17,Min,0.007,111.473,64.000,184.000
18,Max,1.018,164.582,99.667,249.333
