600,1.25159
599,-0.226731
598,-0.0519963
597,-0.304387
596,1.83624
595,-1.05887
594,-0.853619
593,-0.136897
592,-1.99512
591,1.63491
590,2.02533
589,1.02858
588,-0.93389
587,-0.230877
586,-0.946413
585,0.0322577
584,1.05487
583,-2.39967
582,-0.89903
581,-0.499372
580,0.902953
579,-1.12278
578,0.0805994
577,1.261
576,0.303752
575,-1.08004
574,-0.541669
573,2.95251
572,-1.52175
571,1.42673
570,0.355014
569,-0.81516
568,-0.822592
567,0.779953
566,0.0184575
565,-0.866252
564,3.50873
563,-0.054839
562,0.774243
561,0.153969
560,-0.704244
559,0.326451
558,-0.903538
557,0.540981
556,0.197558
555,0.270243
554,1.80599
553,0.186072
552,1.74439
551,1.88356
550,-0.24628
549,-0.332208
548,1.38431
547,0.719084
546,-0.098044
545,0.219961
544,1.05917
543,0.943382
542,-0.748738
541,-0.652005
540,0.0802701
539,-1.45345
538,0.196739
537,-0.144374
536,0.00935647
535,-0.186275
534,-0.0484138
533,0.0891545
532,0.506491
531,0.43685
530,-1.04904
529,-0.744646
528,-0.812946
527,0.446029
526,-0.168128
525,0.270592
524,-0.520948
523,-1.57849
522,-0.413507
521,-0.273643
520,-0.324593
519,1.10464
518,0.0383265
517,0.364159
516,0.195954
515,-0.103033
514,-0.331973
513,0.740793
512,0.305969
511,-0.0501316
510,-0.0509387
509,-0.201251
508,-0.614152
507,0.862207
506,-0.301641
505,1.73624
504,-0.558033
503,-0.957966
502,1.70327
501,-0.795287
500,0.170837
499,0.756401
498,0.57747
497,-0.239063
496,-0.233992
495,0.710841
494,0.465972
493,-0.517562
492,-0.107285
491,1.01075
490,0.219722
489,0.589332
488,-0.299775
487,0.79835
486,0.0789568
485,0.0405596
484,0.306319
483,0.631273
482,0.817725
481,0.681995
480,0.645016
479,1.01252
478,0.478351
477,1.19074
476,1.05196
475,0.459157
474,0.5606
473,0.371917
472,0.763059
471,0.63093
470,0.148548
469,0.554858
468,0.00647942
467,0.481132
466,0.443596
465,0.61525
464,-0.101168
463,0.710951
462,0.598475
461,0.830615
460,0.762091
459,0.496504
458,1.16389
457,0.277873
456,-0.191626
455,0.950873
454,0.57247
453,0.50179
452,0.809557
451,0.741247
450,0.105592
449,0.549207
448,0.293887
447,0.865234
446,0.15599
445,0.568152
444,0.476449
443,-0.112717
442,0.276975
441,-0.0284097
440,0.345847
439,0.272165
438,0.209069
437,0.209722
436,0.597813
435,0.58163
434,0.439415
433,0.358342
432,0.0143969
431,0.133001
430,0.741191
429,0.272187
428,0.13663
427,0.474907
426,0.468638
425,0.219
424,0.385916
423,0.38006
422,0.495451
421,0.64701
420,0.10392
419,0.306886
418,0.0452609
417,0.0438055
416,0.259423
415,0.410118
414,0.321723
413,0.119073
412,0.309608
411,-0.104653
410,0.292775
409,0.340368
408,0.411339
407,0.125132
406,0.287188
405,0.251545
404,0.416219
403,0.174985
402,0.301653
401,0.363132
400,0.526731
399,0.24878
398,0.595233
397,0.482659
396,0.234574
395,0.0612192
394,0.045014
393,0.0525392
392,0.372808
391,0.354323
390,0.432241
389,0.0968213
388,0.0572516
387,0.577051
386,0.279483
385,-0.0858942
384,0.479282
383,0.0574835
382,0.374602
381,0.719632
380,0.242483
379,0.33821
378,0.31142
377,0.0894559
376,0.348127
375,0.248324
374,0.287912
373,0.1818
372,0.126031
371,0.183389
370,0.476766
369,-0.0532749
368,0.235341
367,0.392557
366,0.425356
365,0.206612
364,0.264249
363,0.127301
362,0.0977281
361,0.300851
360,-0.077469
359,0.378352
358,-0.0680015
357,-0.0863853
356,0.149144
355,0.184936
354,0.432571
353,0.0644461
352,0.30913
351,0.0785767
350,0.158321
349,0.269268
348,0.294087
347,0.152762
346,0.0840871
345,0.353247
344,0.269796
343,0.147595
342,-0.0224955
341,-0.0636535
340,-0.0890366
339,0.155758
338,0.0980824
337,-0.265188
336,0.035654
335,-0.0015624
334,-0.0322788
333,-0.267636
332,0.0421733
331,0.0836366
330,0.142458
329,-0.188825
328,0.00858814
327,0.13688
326,-0.0410279
325,0.0654068
324,0.257067
323,0.0417349
322,-0.0775249
321,0.103693
320,0.0348901
319,0.206289
318,0.112719
317,0.215647
316,-0.0851757
315,0.0427791
314,-0.00385702
313,-0.243692
312,0.136154
311,0.132695
310,-0.0756101
309,0.0383065
308,0.183686
307,0.0103309
306,0.234625
305,-0.0937269
304,0.280957
303,-0.110389
302,0.0621985
301,-0.00209938
300,0.112332
299,0.267053
298,-0.176114
297,0.0290095
296,0.17037
295,0.0935495
294,-0.162574
293,0.115375
292,-0.0639516
291,-0.238803
290,-0.0636651
289,0.0743445
288,-0.0367065
287,-0.237573
286,-0.0238731
285,0.0873664
284,-0.0404456
283,-0.136763
282,0.0213714
281,-0.118124
280,-0.090137
279,-0.100094
278,0.010719
277,-0.077839
276,0.119325
275,-0.0426397
274,-0.108966
273,0.000186292
272,-0.0316168
271,0.0482318
270,-0.0197771
269,-0.0646338
268,-0.0194258
267,-0.194171
266,-0.194008
265,-0.0983619
264,-0.132834
263,-0.0767583
262,-0.0832823
261,0.0994683
260,0.135253
259,-0.0611881
258,0.00863376
257,-0.0906021
256,0.00630713
255,0.0155183
254,-0.010693
253,0.0503345
252,0.00652084
251,0.183324
250,-0.0314321
249,0.0924329
248,-0.00614895
247,0.0675914
246,-0.0546785
245,-0.00099831
244,-0.0215906
243,0.174468
242,-0.154549
241,0.0547939
240,-0.0116508
239,-0.127051
238,0.114305
237,-0.193575
236,0.124543
235,-0.0850365
234,0.0229432
233,-0.161584
232,-0.198054
231,-0.12558
230,-0.156867
229,0.194637
228,-0.344982
227,-0.0231953
226,0.0338254
225,0.0157953
224,-0.0679445
223,-0.00296103
222,-0.399831
221,0.068727
220,-0.0962281
219,0.18105
218,0.117925
217,-0.312693
216,-0.312632
215,0.0389054
214,-0.210593
213,-0.0637807
212,-0.0275668
211,-0.411457
210,-0.376874
209,-0.289547
208,-0.40184
207,-0.471157
206,-0.26137
205,-0.351037
204,-0.461027
203,-0.534821
202,-0.476617
201,-0.544236
200,-0.641368

600,779.663
599,774.994
598,771.469
597,769.516
596,760.056
595,757.37
594,753.372
593,751.648
592,743.042
591,740.326
590,736.725
589,736.45
588,733.414
587,726.013
586,724.35
585,720.688
584,716.644
583,708.984
582,706.36
581,705.002
580,704.254
579,702.026
578,694.794
577,692.368
576,689.804
575,689.728
574,688.324
573,682.037
572,680.573
571,678.894
570,672.897
569,668.518
568,666.992
567,665.131
566,659.256
565,658.478
564,658.478
563,649.46
562,648.239
561,645.538
560,639.633
559,637.665
558,635.88
557,630.127
556,629.303
555,622.07
554,621.368
553,618.347
552,615.952
551,615.952
550,610.138
549,607.513
548,600.922
547,598.724
546,594.116
545,590.164
544,590.164
543,586.426
542,583.313
541,579.605
540,578.354
539,572.586
538,568.939
537,568.939
536,562.302
535,560.776
534,560.684
533,557.007
532,553.696
531,550.232
530,547.165
529,544.983
528,540.314
527,537.659
526,537.216
525,534.012
524,529.114
523,526.703
522,523.804
521,520.966
520,518.768
519,517.426
518,515.152
517,512.405
516,508.743
515,506.287
514,502.716
513,501.129
512,499.146
511,496.597
510,496.323
509,489.99
508,487.198
507,484.573
506,482.498
505,480.423
504,479.172
503,476.608
502,473.206
501,471.176
500,468.048
499,465.469
498,461.533
497,458.511
496,452.179
495,443.146
494,440.506
493,444.534
492,446.411
491,446.411
490,444.26
489,441.818
488,437.943
487,432.678
486,427.322
485,423.34
484,420.044
483,417.252
482,420.364
481,422.699
480,422.668
479,421.616
478,417.801
477,413.177
476,400.681
475,392.899
474,398.575
473,397.751
472,390.656
471,382.889
470,375.458
469,375.488
468,383.53
467,388.016
466,385.391
465,381.851
464,381.851
463,383.957
462,383.957
461,384.338
460,382.919
459,381.317
458,381.561
457,381.561
456,381.561
455,379.333
454,373.856
453,371.902
452,365.28
451,365.28
450,371.887
449,372.665
448,372.665
447,371.033
446,369.385
445,367.92
444,365.463
443,365.463
442,362.793
441,360.886
440,357.651
439,357.651
438,357.529
437,356.339
436,355.438
435,354.172
434,352.432
433,350.83
432,349.075
431,347.534
430,346.237
429,344.421
428,342.621
427,341.339
426,340.21
425,338.165
424,337.234
423,334.976
422,332.642
421,329.422
420,329.422
419,329.422
418,329.269
417,328.308
416,326.645
415,325.165
414,323.349
413,322.311
412,321.686
411,320.572
410,320.572
409,319.321
408,318.1
407,317.688
406,316.818
405,316.818
404,315.14
403,313.568
402,312.759
401,310.745
400,309.54
399,307.419
398,307.419
397,307.144
396,306.854
395,306.107
394,306.107
393,306.107
392,306.076
391,306.076
390,305.893
389,305.832
388,304.565
387,303.574
386,302.567
385,302.002
384,301.163
383,300.354
382,299.484
381,298.386
380,298.141
379,297.165
378,296.28
377,296.066
376,294.495
375,293.747
374,293.259
373,292.206
372,291.748
371,291.565
370,290.421
369,289.764
368,289.642
367,289.093
366,288.544
365,287.857
364,287.857
363,287.155
362,287.155
361,286.53
360,286.53
359,286.407
358,285.95
357,285.95
356,285.797
355,284.988
354,284.775
353,284.622
352,284.622
351,284.622
350,284.622
349,284.622
348,284.042
347,284.042
346,283.829
345,283.539
344,283.539
343,282.639
342,282.455
341,281.754
340,281.754
339,281.57
338,280.365
337,280.06
336,279.48
335,279.099
334,279.099
333,278.336
332,277.786
331,277.664
330,277.42
329,276.932
328,276.749
327,276.169
326,275.742
325,274.887
324,273.865
323,273.407
322,273.407
321,273.224
320,272.72
319,272.491
318,272.491
317,272.11
316,271.118
315,270.859
314,270.859
313,269.913
312,269.76
311,269.76
310,269.76
309,269.394
308,269.18
307,269.089
306,268.723
305,268.585
304,268.555
303,268.112
302,267.593
301,267.502
300,267.502
299,267.41
298,266.953
297,265.915
296,265.915
295,265.442
294,264.877
293,264.557
292,263.641
291,263.641
290,263.641
289,263.641
288,263.641
287,263.641
286,263.611
285,263.611
284,263.611
283,263.123
282,263.123
281,263.123
280,263.123
279,263.123
278,263.123
277,263.092
276,263.092
275,263.092
274,262.97
273,262.97
272,262.97
271,262.97
270,262.97
269,262.97
268,264.008
267,264.008
266,264.618
265,265.06
264,266.373
263,266.373
262,266.373
261,267.899
260,267.899
259,268.204
258,269.669
257,270.096
256,270.157
255,270.645
254,271.118
253,271.118
252,271.118
251,271.118
250,271.53
249,271.713
248,272.079
247,272.079
246,272.537
245,272.537
244,273.239
243,273.544
242,274.094
241,275.208
240,275.208
239,276.276
238,276.276
237,277.634
236,278.214
235,278.915
234,278.915
233,278.915
232,280.93
231,281.967
230,281.967
229,282.867
228,283.89
227,284.195
226,284.195
225,284.79
224,286.163
223,286.163
222,286.163
221,286.163
220,287.262
219,287.262
218,288.422
217,288.422
216,288.422
215,288.422
214,288.422
213,288.422
212,289.719
211,289.444
210,289.444
209,289.444
208,289.444
207,289.291
206,289.291
205,288.986
204,288.986
203,288.208
202,287.506
201,287.476
200,286.667

600,0.0386852
599,0.0378243
598,0.0348818
597,0.0393498
596,0.0381765
595,0.0366726
594,0.0323349
593,0.0302146
592,0.0330988
591,0.0321469
590,0.0281758
589,0.0293786
588,0.0271264
587,0.017011
586,0.0141217
585,0.0110803
584,0.00291503
583,-0.00242062
582,0.000351076
581,0.00246464
580,0.00637373
579,0.00688298
578,0.00312769
577,0.00698874
576,0.00751044
575,0.0115379
574,0.0121077
573,0.0114982
572,0.0109157
571,0.0106984
570,0.0100679
569,0.00686088
568,0.00812657
567,0.00597654
566,0.00835851
565,0.010166
564,0.0140569
563,0.0107304
562,0.00909647
561,0.00884157
560,0.00656518
559,0.0040515
558,0.00685384
557,0.00609193
556,0.00485195
555,0.00349296
554,0.00524808
553,0.00505732
552,0.00409787
551,0.00508266
550,0.00404625
549,0.00160078
548,0.00127615
547,5.82401e-05
546,-0.00312369
545,-0.00429631
544,-0.00429122
543,-0.00672095
542,-0.00354255
541,-0.00399122
540,-0.0060058
539,-0.00631435
538,-0.00705291
537,-0.0068704
536,-0.00747471
535,-0.00686998
534,-0.00611654
533,-0.00557291
532,-0.00645492
531,-0.00456885
530,-0.00684298
529,-0.00575804
528,-0.00854714
527,-0.00636691
526,-0.00557604
525,-0.00564183
524,-0.00511649
523,-0.00853655
522,-0.00720901
521,-0.0062712
520,-0.00465319
519,-0.00380781
518,-0.00365163
517,-0.00241602
516,-0.00462031
515,-0.00474275
514,-0.0030946
513,-0.0017546
512,-0.00303057
511,-0.00534325
510,-0.00209407
509,-0.00294924
508,-0.00301975
507,-0.00393265
506,-0.000999755
505,-0.00287313
504,-0.00611701
503,-0.00445798
502,-0.00203982
501,-0.000203253
500,0.0022555
499,0.0032833
498,0.00292714
497,0.00564253
496,0.00556335
495,0.00492996
494,0.00462275
493,0.00314078
492,0.00576571
491,0.00315278
490,0.00319874
489,0.00559738
488,0.00712699
487,0.00588892
486,0.00621083
485,0.00505809
484,0.00619306
483,0.00381814
482,0.00227688
481,0.00387815
480,0.00395631
479,0.00482271
478,0.00645074
477,0.00793353
476,0.0116055
475,0.00447454
474,0.00553318
473,0.0107088
472,0.0131217
471,0.010942
470,0.0121917
469,0.0103891
468,0.00399266
467,0.00987199
466,0.00875977
465,0.0122684
464,0.0118772
463,0.00881895
462,0.00939032
461,0.011358
460,0.0122351
459,0.0109554
458,0.0124014
457,0.0106648
456,0.0112895
455,0.0135186
454,0.014751
453,0.0114636
452,0.0142205
451,0.0107589
450,0.00765763
449,0.00951295
448,0.0132534
447,0.0165803
446,0.013559
445,0.0127727
444,0.0112388
443,0.0123492
442,0.0137094
441,0.013545
440,0.0124049
439,0.0121564
438,0.0126446
437,0.012474
436,0.0130998
435,0.0145898
434,0.0141589
433,0.014295
432,0.0143171
431,0.0148719
430,0.0140922
429,0.0134127
428,0.0163155
427,0.0152556
426,0.0148283
425,0.0153379
424,0.0175948
423,0.0186035
422,0.017441
421,0.0135153
420,0.0136362
419,0.015901
418,0.0189888
417,0.0198577
416,0.021175
415,0.0186009
414,0.0196704
413,0.0205516
412,0.0208031
411,0.0205575
410,0.0197481
409,0.0209934
408,0.0211494
407,0.0202129
406,0.0221439
405,0.023615
404,0.0229541
403,0.0225223
402,0.022943
401,0.0208636
400,0.0204147
399,0.0190009
398,0.0223593
397,0.0256949
396,0.0220959
395,0.0214524
394,0.0211342
393,0.0212776
392,0.0245134
391,0.0252825
390,0.0242778
389,0.0202485
388,0.020033
387,0.0226698
386,0.022777
385,0.0222379
384,0.0253612
383,0.0245311
382,0.0247909
381,0.0239241
380,0.024324
379,0.0242435
378,0.022215
377,0.0216461
376,0.0223065
375,0.0230689
374,0.0227095
373,0.0249053
372,0.0251762
371,0.0249403
370,0.0244456
369,0.0240442
368,0.0251505
367,0.0259518
366,0.0237664
365,0.0256598
364,0.0263482
363,0.023688
362,0.0236073
361,0.0230813
360,0.024571
359,0.0242378
358,0.0254311
357,0.0252716
356,0.0256245
355,0.0241557
354,0.0250119
353,0.024488
352,0.0263863
351,0.0285124
350,0.0275763
349,0.0260695
348,0.0265204
347,0.0256734
346,0.0254732
345,0.0251901
344,0.0238721
343,0.0254521
342,0.0269667
341,0.0259772
340,0.027149
339,0.0266279
338,0.0273975
337,0.0269446
336,0.0254687
335,0.0279346
334,0.0268517
333,0.0273632
332,0.0282661
331,0.0270863
330,0.0286455
329,0.0269462
328,0.027555
327,0.0286125
326,0.0270592
325,0.0287363
324,0.0297686
323,0.0297466
322,0.0303381
321,0.0305839
320,0.0285111
319,0.0295449
318,0.0329319
317,0.0310577
316,0.0294594
315,0.0306119
314,0.0316555
313,0.0321843
312,0.0318298
311,0.0300599
310,0.0314551
309,0.0320966
308,0.033469
307,0.0338269
306,0.0328192
305,0.0349554
304,0.0344414
303,0.0336053
302,0.0331468
301,0.033325
300,0.0327778
299,0.0322077
298,0.0313468
297,0.0342372
296,0.0359295
295,0.0360838
294,0.0358699
293,0.0352984
292,0.0351735
291,0.0366873
290,0.036742
289,0.0353003
288,0.0366464
287,0.0372548
286,0.0365823
285,0.0351303
284,0.0346145
283,0.0373468
282,0.0401433
281,0.0381274
280,0.0390465
279,0.0396364
278,0.0382003
277,0.0410692
276,0.040438
275,0.04078
274,0.0392683
273,0.0416648
272,0.0377507
271,0.036925
270,0.0373074
269,0.040753
268,0.0419025
267,0.0401089
266,0.0408927
265,0.0413044
264,0.043508
263,0.0430125
262,0.0407033
261,0.0414036
260,0.0427058
259,0.0429659
258,0.0422257
257,0.0417526
256,0.043921
255,0.0443961
254,0.0452968
253,0.0441648
252,0.0426021
251,0.0427122
250,0.0436576
249,0.0456337
248,0.0466237
247,0.0453251
246,0.0473981
245,0.045642
244,0.0451918
243,0.047896
242,0.0485967
241,0.050225
240,0.0499075
239,0.0490501
238,0.0490626
237,0.0523677
236,0.0497085
235,0.0497661
234,0.0526396
233,0.0526761
232,0.0538771
231,0.0529555
230,0.0546395
229,0.0568096
228,0.0594794
227,0.0601723
226,0.0618668
225,0.0625516
224,0.0651939
223,0.0673747
222,0.0679003
221,0.069759
220,0.0748431
219,0.0723316
218,0.0740058
217,0.0751734
216,0.0758985
215,0.0750468
214,0.078027
213,0.0791728
212,0.0837879
211,0.0836741
210,0.0860668
209,0.0896638
208,0.0904219
207,0.0940384
206,0.0960537
205,0.0978177
204,0.105327
203,0.107245
202,0.113019
201,0.118021
200,0.124914

600,8.14143
599,8.09922
598,8.07368
597,8.14697
596,8.06136
595,8.12513
594,8.09647
593,8.13031
592,8.09285
591,8.10764
590,8.06034
589,8.1639
588,8.18182
587,8.11059
586,8.21369
585,8.17099
584,8.12846
583,8.08466
582,8.06397
581,8.10737
580,8.1352
579,8.19205
578,8.05662
577,8.1382
576,8.06089
575,8.12886
574,8.08436
573,8.06853
572,8.08185
571,8.07952
570,8.06235
569,8.07803
568,8.12184
567,8.13227
566,8.05124
565,8.09201
564,8.20589
563,8.13162
562,8.13788
561,8.0974
560,8.07472
559,8.09367
558,8.1054
557,8.0661
556,8.08551
555,8.11107
554,8.13861
553,8.13872
552,8.11659
551,8.22571
550,8.15039
549,8.09555
548,8.11533
547,8.09525
546,8.07291
545,8.05464
544,8.16157
543,8.11963
542,8.13682
541,8.11262
540,8.13303
539,8.07568
538,8.08428
537,8.14404
536,8.03306
535,8.12259
534,8.12149
533,8.12926
532,8.12775
531,8.11528
530,8.1307
529,8.22784
528,8.1075
527,8.10097
526,8.13821
525,8.10046
524,8.06495
523,8.14075
522,8.12074
521,8.10299
520,8.1047
519,8.13672
518,8.13096
517,8.13081
516,8.08259
515,8.0749
514,8.08402
513,8.07675
512,8.11638
511,8.09788
510,8.24352
509,8.1344
508,8.08981
507,8.08032
506,8.08795
505,8.08167
504,8.16423
503,8.09065
502,8.07157
501,8.05664
500,8.10325
499,8.08729
498,8.11012
497,8.21771
496,8.09338
495,8.12847
494,8.08673
493,7.944
492,7.91575
491,8.06273
490,8.08772
489,8.06417
488,8.09024
487,8.09334
486,8.11372
485,8.09141
484,8.11764
483,8.12327
482,8.00946
481,7.94224
480,8.04234
479,8.0477
478,8.06657
477,8.13586
476,8.08343
475,8.07891
474,8.07308
473,8.06259
472,8.15495
471,8.09425
470,8.0824
469,8.0063
468,7.80758
467,7.93837
466,8.09314
465,8.14281
464,8.0543
463,7.87726
462,7.77914
461,7.95047
460,8.1195
459,8.02675
458,7.95241
457,7.90674
456,7.9968
455,8.09804
454,8.1075
453,8.05011
452,8.12099
451,7.96432
450,7.79069
449,7.90571
448,8.09776
447,8.0586
446,8.08411
445,8.17979
444,8.03986
443,8.18164
442,8.06946
441,8.15476
440,8.04116
439,8.09604
438,8.09452
437,8.07326
436,8.08139
435,8.13414
434,8.12459
433,8.10233
432,8.05933
431,8.05685
430,8.11279
429,8.05625
428,8.02209
427,8.07516
426,8.09323
425,8.042
424,8.08059
423,8.0168
422,8.14465
421,8.07906
420,7.97296
419,7.94778
418,8.07204
417,8.06853
416,8.07869
415,8.07873
414,8.10013
413,8.09134
412,8.08109
411,8.05708
410,8.20565
409,8.11243
408,8.0455
407,8.1637
406,8.12983
405,8.20551
404,8.0889
403,8.0539
402,8.1258
401,8.12627
400,8.15006
399,8.10054
398,8.13782
397,8.07244
396,8.06841
395,8.05915
394,8.02367
393,8.16183
392,8.07547
391,8.13715
390,8.19407
389,8.27774
388,8.08648
387,8.09753
386,8.06925
385,8.07575
384,8.08263
383,8.1331
382,8.09916
381,8.06978
380,8.14253
379,8.13495
378,8.14294
377,8.18202
376,8.08136
375,8.09227
374,8.12759
373,8.07649
372,8.10213
371,8.11064
370,8.0486
369,8.05815
368,8.13005
367,8.07546
366,8.06055
365,8.03922
364,8.11932
363,8.04804
362,8.11214
361,8.07639
360,8.06312
359,8.09503
358,8.09198
357,8.11506
356,8.2047
355,8.06371
354,8.0377
353,8.05533
352,8.03776
351,8.01048
350,8.05263
349,8.0904
348,8.02283
347,8.03159
346,8.09175
345,8.07671
344,8.11046
343,8.03741
342,8.03489
341,8.06139
340,8.09517
339,8.17217
338,8.07041
337,8.06107
336,8.03594
335,8.05875
334,8.07769
333,8.07692
332,8.01798
331,8.06495
330,8.10169
329,8.10395
328,8.17276
327,8.12145
326,8.13783
325,8.09812
324,8.04879
323,8.04417
322,8.02979
321,8.07488
320,8.08178
319,8.09038
318,8.12158
317,8.15196
316,8.07382
315,8.07315
314,8.17566
313,8.04679
312,8.00349
311,8.08047
310,8.11456
309,8.08245
308,8.06217
307,8.08273
306,8.08679
305,8.09343
304,8.14713
303,8.14056
302,8.08673
301,8.12143
300,8.19337
299,8.21149
298,8.17869
297,8.03482
296,8.0931
295,8.06848
294,8.04628
293,8.05709
292,8.05917
291,8.06573
290,7.99089
289,8.00135
288,8.01745
287,8.0569
286,8.05833
285,8.1205
284,8.14039
283,8.0726
282,8.04848
281,8.08721
280,8.05951
279,8.06719
278,8.0983
277,8.07404
276,8.05558
275,8.03937
274,8.02768
273,8.00716
272,8.03069
271,7.99018
270,7.92766
269,7.83887
268,7.98762
267,7.94155
266,7.94591
265,7.92991
264,8.03228
263,7.90478
262,7.82655
261,7.99054
260,7.85862
259,7.78748
258,7.97167
257,7.9838
256,7.90896
255,7.9679
254,7.97853
253,7.9862
252,7.96952
251,7.92238
250,7.93962
249,7.92753
248,7.95329
247,7.89192
246,7.89881
245,7.85659
244,7.94374
243,7.91386
242,7.94248
241,8.04376
240,7.93799
239,8.03749
238,7.87696
237,7.97088
236,7.98338
235,8.0097
234,7.84244
233,7.72851
232,7.97004
231,8.02113
230,7.93279
229,7.9514
228,8.00157
227,7.93976
226,7.85487
225,7.8678
224,7.99656
223,7.91946
222,7.86452
221,7.81869
220,7.90156
219,7.88075
218,8.03601
217,8.01208
216,7.96274
215,7.93123
214,7.94468
213,7.92838
212,8.11027
211,8.05782
210,8.06443
209,8.01319
208,8.03185
207,8.00026
206,8.04596
205,8.07456
204,8.1139
203,8.08382
202,8.0519
201,8.10683
200,8.06767

600,20000
599,20000
598,20000
597,20000
596,20000
595,20000
594,20000
593,20000
592,20000
591,20000
590,20000
589,20000
588,20000
587,20000
586,20000
585,20000
584,20000
583,20000
582,20000
581,20000
580,20000
579,20000
578,20000
577,20000
576,20000
575,20000
574,20000
573,20000
572,20000
571,20000
570,20000
569,20000
568,20000
567,20000
566,20000
565,20000
564,20000
563,20000
562,20000
561,20000
560,20000
559,20000
558,20000
557,20000
556,20000
555,20000
554,20000
553,20000
552,20000
551,20000
550,20000
549,20000
548,20000
547,20000
546,20000
545,20000
544,20000
543,20000
542,20000
541,20000
540,20000
539,20000
538,20000
537,20000
536,20000
535,20000
534,20000
533,20000
532,20000
531,20000
530,20000
529,20000
528,20000
527,20000
526,20000
525,20000
524,20000
523,20000
522,20000
521,20000
520,20000
519,20000
518,20000
517,20000
516,20000
515,20000
514,20000
513,20000
512,20000
511,20000
510,20000
509,20000
508,20000
507,20000
506,20000
505,20000
504,20000
503,20000
502,20000
501,20000
500,20000
499,20000
498,20000
497,20000
496,20000
495,20000
494,20000
493,20000
492,20000
491,20000
490,20000
489,20000
488,20000
487,20000
486,20000
485,20000
484,20000
483,20000
482,20000
481,20000
480,20000
479,20000
478,20000
477,20000
476,20000
475,20000
474,20000
473,20000
472,20000
471,20000
470,20000
469,20000
468,20000
467,20000
466,20000
465,20000
464,20000
463,20000
462,20000
461,20000
460,20000
459,20000
458,20000
457,20000
456,20000
455,20000
454,20000
453,20000
452,20000
451,20000
450,20000
449,20000
448,20000
447,20000
446,20000
445,20000
444,20000
443,20000
442,20000
441,20000
440,20000
439,20000
438,20000
437,20000
436,20000
435,20000
434,20000
433,20000
432,20000
431,20000
430,20000
429,20000
428,20000
427,20000
426,20000
425,20000
424,20000
423,20000
422,20000
421,20000
420,20000
419,20000
418,20000
417,20000
416,20000
415,20000
414,20000
413,20000
412,20000
411,20000
410,20000
409,20000
408,20000
407,20000
406,20000
405,20000
404,20000
403,20000
402,20000
401,20000
400,20000
399,20000
398,20000
397,20000
396,20000
395,20000
394,20000
393,20000
392,20000
391,20000
390,20000
389,20000
388,20000
387,20000
386,20000
385,20000
384,20000
383,20000
382,20000
381,20000
380,20000
379,20000
378,20000
377,20000
376,20000
375,20000
374,20000
373,20000
372,20000
371,20000
370,20000
369,20000
368,20000
367,20000
366,20000
365,20000
364,20000
363,20000
362,20000
361,20000
360,20000
359,20000
358,20000
357,20000
356,20000
355,20000
354,20000
353,20000
352,20000
351,20000
350,20000
349,20000
348,20000
347,20000
346,20000
345,20000
344,20000
343,20000
342,20000
341,20000
340,20000
339,20000
338,20000
337,20000
336,20000
335,20000
334,20000
333,20000
332,20000
331,20000
330,20000
329,20000
328,20000
327,20000
326,20000
325,20000
324,20000
323,20000
322,20000
321,20000
320,20000
319,20000
318,20000
317,20000
316,20000
315,20000
314,20000
313,20000
312,20000
311,20000
310,20000
309,20000
308,20000
307,20000
306,20000
305,20000
304,20000
303,20000
302,20000
301,20000
300,20000
299,20000
298,20000
297,20000
296,20000
295,20000
294,20000
293,20000
292,20000
291,20000
290,20000
289,20000
288,20000
287,20000
286,20000
285,20000
284,20000
283,20000
282,20000
281,20000
280,20000
279,20000
278,20000
277,20000
276,20000
275,20000
274,20000
273,20000
272,20000
271,20000
270,20000
269,20000
268,20000
267,20000
266,20000
265,20000
264,20000
263,20000
262,20000
261,20000
260,20000
259,20000
258,20000
257,20000
256,20000
255,20000
254,20000
253,20000
252,20000
251,20000
250,20000
249,20000
248,20000
247,20000
246,20000
245,20000
244,20000
243,20000
242,20000
241,20000
240,20000
239,20000
238,20000
237,20000
236,20000
235,20000
234,20000
233,20000
232,20000
231,20000
230,20000
229,20000
228,20000
227,20000
226,20000
225,20000
224,20000
223,20000
222,20000
221,20000
220,20000
219,20000
218,20000
217,20000
216,20000
215,20000
214,20000
213,20000
212,20000
211,20000
210,20000
209,20000
208,20000
207,20000
206,20000
205,20000
204,20000
203,20000
202,20000
201,20000
200,20000

600,2.20161
599,1.82501
598,1.87372
597,1.77084
596,1.6785
595,1.80756
594,1.84005
593,1.72469
592,1.52535
591,1.47294
590,1.67625
589,1.46237
588,1.69403
587,1.5843
586,1.64883
585,1.62179
584,1.74132
583,1.52121
582,1.6711
581,1.65077
580,1.59602
579,1.60823
578,1.56159
577,1.45919
576,1.66688
575,1.37924
574,1.29606
573,1.2669
572,1.52859
571,1.29073
570,1.36287
569,1.27865
568,1.22885
567,1.24727
566,1.16656
565,1.2159
564,1.26236
563,1.03836
562,1.19072
561,1.19273
560,1.10681
559,1.24873
558,1.15075
557,1.1758
556,1.09237
555,1.17119
554,1.03265
553,1.0556
552,1.16465
551,1.04335
550,1.02554
549,1.03192
548,1.14417
547,0.921847
546,0.956792
545,0.950219
544,0.950968
543,1.03326
542,0.903907
541,0.914599
540,1.07231
539,0.927513
538,0.832032
537,0.851065
536,0.890912
535,0.892348
534,0.885553
533,0.772168
532,0.771907
531,0.65672
530,0.834985
529,0.865878
528,0.858316
527,0.719047
526,0.767914
525,0.64246
524,0.802738
523,0.797784
522,0.670946
521,0.68287
520,0.773416
519,0.754087
518,0.711461
517,0.675711
516,0.577344
515,0.587799
514,0.635208
513,0.632803
512,0.587998
511,0.588672
510,0.577959
509,0.558171
508,0.601761
507,0.557746
506,0.540534
505,0.538982
504,0.585031
503,0.565342
502,0.56404
501,0.537065
500,0.512842
499,0.566607
498,0.469656
497,0.448957
496,0.515295
495,0.397906
494,0.421407
493,0.482726
492,0.455533
491,0.524615
490,0.429746
489,0.51076
488,0.403728
487,0.418512
486,0.383028
485,0.419087
484,0.372324
483,0.370137
482,0.388254
481,0.389704
480,0.378876
479,0.416557
478,0.388003
477,0.413158
476,0.317508
475,0.280819
474,0.358266
473,0.306557
472,0.365607
471,0.285357
470,0.29885
469,0.332264
468,0.318857
467,0.328783
466,0.349943
465,0.327597
464,0.303183
463,0.298474
462,0.341619
461,0.309247
460,0.342379
459,0.26579
458,0.288924
457,0.281096
456,0.311528
455,0.290448
454,0.27919
453,0.276864
452,0.259725
451,0.251086
450,0.243524
449,0.277751
448,0.278245
447,0.256624
446,0.267745
445,0.260151
444,0.25981
443,0.24575
442,0.261589
441,0.288964
440,0.226382
439,0.255034
438,0.251351
437,0.248615
436,0.253388
435,0.264904
434,0.208741
433,0.21741
432,0.24505
431,0.212006
430,0.196112
429,0.191531
428,0.21147
427,0.195079
426,0.21299
425,0.218441
424,0.2302
423,0.19513
422,0.230625
421,0.207777
420,0.215862
419,0.212838
418,0.208669
417,0.202422
416,0.205278
415,0.203651
414,0.227374
413,0.192685
412,0.198522
411,0.178926
410,0.21181
409,0.193677
408,0.203928
407,0.186
406,0.185491
405,0.179105
404,0.16306
403,0.169287
402,0.18551
401,0.171125
400,0.165342
399,0.168112
398,0.172584
397,0.153066
396,0.184071
395,0.157982
394,0.173006
393,0.164397
392,0.149369
391,0.164031
390,0.164678
389,0.174103
388,0.173057
387,0.178389
386,0.159356
385,0.170558
384,0.173012
383,0.144454
382,0.154245
381,0.156105
380,0.135074
379,0.157488
378,0.134312
377,0.159819
376,0.149421
375,0.137855
374,0.155972
373,0.140156
372,0.128053
371,0.157816
370,0.140357
369,0.13501
368,0.140805
367,0.137333
366,0.143279
365,0.150878
364,0.138602
363,0.119814
362,0.135143
361,0.149531
360,0.146933
359,0.134659
358,0.122274
357,0.123661
356,0.140944
355,0.132698
354,0.133851
353,0.120296
352,0.135067
351,0.146743
350,0.142764
349,0.139656
348,0.124213
347,0.137492
346,0.139876
345,0.116579
344,0.127038
343,0.135957
342,0.126558
341,0.126994
340,0.141231
339,0.143831
338,0.131002
337,0.12157
336,0.13604
335,0.130886
334,0.119762
333,0.142393
332,0.111018
331,0.117749
330,0.1219
329,0.134106
328,0.126319
327,0.139471
326,0.121828
325,0.122789
324,0.124456
323,0.106197
322,0.113393
321,0.132373
320,0.114668
319,0.127715
318,0.121366
317,0.109568
316,0.123567
315,0.126613
314,0.10886
313,0.106954
312,0.125451
311,0.123539
310,0.124073
309,0.113445
308,0.113724
307,0.102846
306,0.109185
305,0.120511
304,0.106644
303,0.109852
302,0.102113
301,0.0989066
300,0.107816
299,0.100459
298,0.108801
297,0.0985037
296,0.103078
295,0.118675
294,0.109649
293,0.117997
292,0.0936146
291,0.114902
290,0.103377
289,0.103451
288,0.104501
287,0.0921974
286,0.0974687
285,0.105354
284,0.109764
283,0.10743
282,0.0855531
281,0.0944479
280,0.110625
279,0.109703
278,0.0989093
277,0.0949303
276,0.109893
275,0.0997804
274,0.103575
273,0.108878
272,0.119284
271,0.104728
270,0.0995168
269,0.113469
268,0.0919753
267,0.113742
266,0.112941
265,0.108406
264,0.118083
263,0.117824
262,0.114996
261,0.10837
260,0.116918
259,0.0997318
258,0.109337
257,0.115489
256,0.122586
255,0.111217
254,0.120906
253,0.101013
252,0.12923
251,0.106835
250,0.127858
249,0.12691
248,0.131038
247,0.120673
246,0.122675
245,0.106145
244,0.119738
243,0.121458
242,0.115467
241,0.123894
240,0.121818
239,0.110025
238,0.136105
237,0.135856
236,0.130653
235,0.144003
234,0.130052
233,0.154658
232,0.135731
231,0.141445
230,0.124023
229,0.128266
228,0.140969
227,0.130197
226,0.142547
225,0.124889
224,0.131222
223,0.141296
222,0.156629
221,0.131751
220,0.133301
219,0.148602
218,0.135667
217,0.151033
216,0.127272
215,0.14423
214,0.156096
213,0.129816
212,0.151028
211,0.148017
210,0.154891
209,0.150282
208,0.141058
207,0.173239
206,0.157194
205,0.142557
204,0.147034
203,0.149839
202,0.133763
201,0.140056
200,0.14271

600,16.9653
599,16.9151
598,16.9653
597,16.9653
596,16.9653
595,16.9653
594,16.9653
593,16.9653
592,16.9653
591,16.9653
590,16.9653
589,16.9653
588,16.9653
587,16.9653
586,16.9653
585,16.9653
584,16.9653
583,16.9653
582,16.9653
581,16.9653
580,16.9653
579,16.9653
578,16.9653
577,16.9653
576,16.9653
575,16.9653
574,16.9653
573,16.9653
572,16.9653
571,16.9653
570,16.9653
569,16.9653
568,16.9653
567,16.9653
566,16.9653
565,16.9653
564,16.9653
563,16.9653
562,16.9653
561,16.9653
560,16.9653
559,16.9653
558,16.9653
557,16.9653
556,16.9653
555,16.9653
554,16.9653
553,16.9653
552,16.9653
551,16.9653
550,16.9653
549,16.9653
548,16.9653
547,16.9653
546,16.9653
545,16.9653
544,16.9653
543,16.9653
542,16.9653
541,16.9653
540,16.9653
539,16.9653
538,16.9653
537,16.9653
536,16.9653
535,16.9653
534,16.9653
533,16.9653
532,16.9653
531,16.9653
530,16.9653
529,16.9653
528,16.9653
527,16.9653
526,16.9653
525,16.9653
524,16.9653
523,16.9653
522,16.9653
521,16.9653
520,16.9653
519,16.9653
518,16.9653
517,16.9653
516,16.9653
515,16.9653
514,16.9653
513,16.9653
512,16.9653
511,16.9653
510,16.9653
509,16.9653
508,16.9653
507,16.9653
506,16.9653
505,16.9653
504,16.9653
503,16.9653
502,16.9653
501,16.9653
500,16.9653
499,16.9653
498,16.9653
497,16.9653
496,16.9653
495,16.9653
494,16.9653
493,16.9653
492,17.0154
491,16.9653
490,16.9653
489,16.9653
488,16.9653
487,16.9653
486,16.9653
485,16.9653
484,16.9653
483,16.9653
482,16.9653
481,16.9653
480,16.9653
479,16.9653
478,16.9653
477,16.9653
476,16.9653
475,16.9653
474,16.9653
473,16.9653
472,16.9653
471,16.9653
470,16.9653
469,16.9653
468,16.9653
467,16.9653
466,16.9653
465,16.9653
464,16.9653
463,16.9653
462,16.9653
461,16.9653
460,16.9653
459,16.9653
458,16.9653
457,16.9653
456,16.9653
455,16.9653
454,16.9653
453,16.9653
452,16.9653
451,16.9653
450,16.9653
449,16.9653
448,17.0154
447,16.9653
446,16.9653
445,16.9653
444,16.9653
443,16.9653
442,16.9653
441,16.9653
440,16.9653
439,16.9653
438,16.9653
437,16.9653
436,16.9653
435,16.9653
434,16.9653
433,16.9653
432,16.9653
431,16.9653
430,17.0154
429,17.0154
428,16.9653
427,16.9653
426,16.9653
425,16.9653
424,17.0154
423,16.9653
422,17.0154
421,16.9653
420,16.9653
419,16.9653
418,17.0154
417,17.0154
416,17.0154
415,16.9653
414,17.0154
413,16.9653
412,17.0154
411,17.0154
410,16.9653
409,17.0154
408,16.9653
407,16.9653
406,17.0154
405,16.9653
404,16.9653
403,17.0154
402,17.0154
401,17.0154
400,16.9653
399,17.0154
398,16.9653
397,16.9653
396,17.0154
395,17.0154
394,17.0154
393,17.0154
392,17.0154
391,17.0154
390,16.9653
389,17.0154
388,17.0154
387,17.0154
386,16.9653
385,16.9653
384,17.0154
383,16.9653
382,16.9653
381,17.0154
380,17.0154
379,17.0154
378,17.0154
377,16.9653
376,17.0154
375,16.9653
374,17.0154
373,17.0154
372,17.0154
371,17.0154
370,16.9653
369,17.0154
368,17.0154
367,17.0154
366,17.0154
365,17.0154
364,17.0154
363,17.0154
362,17.0154
361,16.9653
360,17.0154
359,17.0154
358,17.0154
357,17.0154
356,17.0154
355,17.0154
354,17.0154
353,17.0154
352,17.0154
351,17.0154
350,17.0154
349,17.0154
348,17.0154
347,17.0154
346,17.0154
345,17.0154
344,17.0154
343,17.0154
342,17.0154
341,17.0154
340,17.0154
339,17.0154
338,17.0154
337,17.0154
336,17.0154
335,17.0154
334,17.0154
333,17.0154
332,17.0154
331,17.0154
330,17.0154
329,16.9653
328,17.0154
327,17.0154
326,17.0154
325,17.0154
324,17.0154
323,17.0154
322,17.0154
321,17.0154
320,17.0154
319,17.0154
318,17.0154
317,17.0154
316,17.0154
315,17.0154
314,17.0154
313,17.0154
312,17.0154
311,17.0154
310,17.0154
309,17.0154
308,17.0154
307,17.0154
306,17.0154
305,17.0154
304,17.0154
303,17.0154
302,17.0154
301,17.0154
300,17.0154
299,17.0154
298,17.0154
297,17.0154
296,17.0154
295,17.0154
294,17.0154
293,17.0154
292,17.0154
291,17.0154
290,17.0154
289,17.0154
288,17.0154
287,17.0154
286,17.0154
285,17.0154
284,17.0154
283,17.0154
282,17.0154
281,17.0154
280,17.0154
279,17.0154
278,17.0154
277,17.0154
276,17.0154
275,17.0154
274,17.0154
273,17.0154
272,17.0154
271,17.0154
270,17.0154
269,17.0154
268,17.0154
267,17.0154
266,17.0154
265,17.0154
264,17.0154
263,17.0154
262,17.0154
261,17.0154
260,17.0154
259,17.0154
258,17.0154
257,17.0154
256,17.0154
255,17.0154
254,17.0154
253,17.0154
252,17.0154
251,17.0154
250,17.0154
249,17.0154
248,17.0154
247,17.0154
246,17.0154
245,17.0154
244,17.0154
243,17.0154
242,17.0154
241,17.0154
240,17.0154
239,17.0154
238,17.0154
237,17.0154
236,17.0655
235,17.0154
234,17.0154
233,17.0154
232,17.0154
231,17.0154
230,17.0154
229,17.0154
228,17.0154
227,17.0154
226,17.0154
225,17.0154
224,17.0154
223,17.0154
222,17.0154
221,17.0154
220,17.0154
219,17.0655
218,17.0655
217,17.0154
216,17.0154
215,17.0154
214,17.0154
213,17.0154
212,17.0154
211,17.0154
210,17.0154
209,17.0154
208,17.0154
207,17.0154
206,17.0154
205,17.0154
204,17.0154
203,17.0154
202,17.0154
201,17.0154
200,17.0154

