600,-1.37786
599,-0.075853
598,3.55383
597,-1.30997
596,-1.06847
595,0.677028
594,-0.410727
593,1.87285
592,-1.24698
591,0.659047
590,-0.956968
589,-0.0126672
588,5.3017
587,0.727328
586,0.573468
585,0.170138
584,0.473039
583,-1.25384
582,0.56702
581,-1.22926
580,2.27587
579,1.79935
578,0.185182
577,1.03063
576,0.478564
575,-1.26694
574,1.84566
573,-1.28311
572,0.838521
571,0.380829
570,4.05546
569,2.81905
568,2.91702
567,0.507318
566,-0.501182
565,1.4326
564,-0.701938
563,1.47819
562,1.33834
561,2.63445
560,1.94763
559,2.06896
558,1.82953
557,1.68997
556,-0.460201
555,1.26526
554,1.54873
553,-1.49728
552,0.953653
551,1.27838
550,3.24833
549,2.01912
548,1.90716
547,-0.68862
546,0.552617
545,0.946425
544,-0.423912
543,2.01816
542,1.66994
541,1.96821
540,1.08238
539,2.37228
538,0.677327
537,2.51686
536,0.10461
535,1.38407
534,2.00925
533,1.63381
532,2.90319
531,2.63302
530,2.15994
529,1.16241
528,0.558157
527,1.25943
526,1.86619
525,1.98038
524,0.734056
523,1.82114
522,1.20921
521,1.93238
520,2.16296
519,1.8643
518,1.88866
517,1.16232
516,2.09012
515,1.58699
514,2.11572
513,1.82073
512,2.23242
511,1.47577
510,1.60179
509,1.57584
508,0.884038
507,2.19025
506,1.77094
505,2.32301
504,1.22078
503,1.39784
502,1.08186
501,2.13999
500,2.22751
499,1.42381
498,3.16995
497,1.184
496,2.21472
495,1.65035
494,1.57641
493,2.27099
492,1.75362
491,2.23442
490,1.52693
489,2.42344
488,2.26101
487,2.2246
486,2.30881
485,1.84921
484,2.5878
483,2.12679
482,2.36125
481,2.43709
480,2.80207
479,2.28338
478,2.63805
477,2.14126
476,3.15042
475,2.9706
474,2.3749
473,3.17509
472,2.2884
471,2.84643
470,2.78048
469,2.63729
468,2.63979
467,2.45679
466,3.43139
465,2.89301
464,3.26345
463,2.12303
462,2.42597
461,2.90589
460,3.23676
459,2.67503
458,3.21798
457,3.10914
456,3.23899
455,2.96377
454,2.99099
453,3.83107
452,3.47724
451,3.69608
450,3.50105
449,3.31644
448,3.87921
447,4.134
446,3.79781
445,4.06447
444,3.37606
443,4.43866
442,3.78617
441,4.18564
440,3.70495
439,3.93216
438,3.70379
437,3.69851
436,4.12424
435,4.27523
434,4.43512
433,4.09227
432,4.34132
431,4.60457
430,4.37213
429,4.37773
428,4.97672
427,4.67438
426,4.9877
425,5.19975
424,4.52962
423,5.22497
422,4.76359
421,5.12825
420,4.79535
419,5.05788
418,5.40934
417,5.79183
416,5.36189
415,5.63554
414,5.2211
413,5.50131
412,5.71713
411,5.5673
410,5.79323
409,5.90852
408,6.74421
407,6.51904
406,6.30852
405,6.46243
404,6.705
403,6.40477
402,6.83958
401,6.9412
400,7.07747
399,7.36832
398,7.49086
397,7.37761
396,7.76996
395,7.90829
394,7.99722
393,7.85752
392,8.3393
391,8.20195
390,9.16166
389,9.24371
388,9.08593
387,9.2761
386,9.50922
385,9.63618
384,9.90684
383,10.4536
382,10.9213
381,10.6064
380,11.0957
379,11.1906
378,11.6905
377,12.3794
376,12.0807
375,12.6698
374,13.0778
373,13.2055
372,13.8878
371,13.9402
370,15.0536
369,15.0326
368,15.6099
367,16.0296
366,16.2275
365,17.0112
364,17.4569
363,18.2631
362,18.3683
361,19.0034
360,19.8957
359,20.1627
358,20.8835
357,21.5042
356,21.4312
355,22.0344
354,22.4837
353,23.0828
352,23.1999
351,24.3062
350,24.1431
349,24.5433
348,25.0205
347,25.4909
346,25.0892
345,25.0903
344,25.2443
343,25.3625
342,25.2764
341,25.0302
340,24.8549
339,24.1558
338,23.5569
337,24.0923
336,23.2517
335,22.2784
334,21.7217
333,20.9627
332,19.3136
331,18.8347
330,17.7883
329,16.1316
328,14.869
327,13.2848
326,11.6483
325,9.90053
324,7.98563
323,5.80766
322,4.35551
321,1.37283
320,-0.574204
319,-2.79402
318,-5.17631
317,-8.17392
316,-10.8688
315,-13.1993
314,-16.1543
313,-18.3788
312,-21.0778
311,-23.3207
310,-26.0267
309,-28.6685
308,-30.8173
307,-32.9547
306,-35.2506
305,-35.9675
304,-37.5869
303,-38.1217
302,-38.7745
301,-38.4888
300,-37.6399
299,-36.1037
298,-34.7269
297,-31.9455
296,-29.7637
295,-26.3776
294,-23.8052
293,-20.5373
292,-17.1932
291,-14.4846
290,-12.4969
289,-10.086
288,-8.5522
287,-7.26878
286,-6.04372
285,-5.15492
284,-4.21618
283,-3.56245
282,-3.44812
281,-3.42881
280,-3.23916
279,-3.56882
278,-3.64559
277,-4.12071
276,-4.59689
275,-5.09639
274,-5.77678
273,-6.3835
272,-7.0545
271,-8.09237
270,-8.37189
269,-9.55931
268,-9.65287
267,-10.4554
266,-11.7295
265,-11.8613
264,-12.8674
263,-13.0254
262,-14.0901
261,-14.4002
260,-15.1041
259,-15.1818
258,-15.968
257,-16.5647
256,-16.7782
255,-16.3434
254,-17.7199
253,-17.0553
252,-18.34
251,-18.8251
250,-18.5777
249,-18.3797
248,-19.5915
247,-19.4096
246,-20.0656
245,-19.79
244,-18.8352
243,-19.2138
242,-18.56
241,-18.1907
240,-17.4269
239,-16.6148
238,-15.9314
237,-14.3138
236,-13.5985
235,-13.2396
234,-15.1705
233,-17.0265
232,-20.9852
231,-24.8283
230,-29.4529
229,-34.6659
228,-38.6912
227,-42.8086
226,-44.875
225,-48.0282
224,-48.38
223,-47.5877
222,-48.5413
221,-47.7747
220,-48.7373
219,-48.5126
218,-47.3592
217,-46.0498
216,-45.1479
215,-41.3342
214,-45.3577
213,-43.3618
212,-38.4568
211,-38.5782
210,-32.4052
209,-28.1748
208,-28.3344
207,-16.6388
206,-17.3316
205,4.50408
204,7.17637
203,14.152
202,35.2828
201,20.7838
200,53.815

600,761.673
599,758.362
598,756.546
597,752.747
596,745.621
595,744.705
594,738.815
593,735.992
592,728.546
591,727.356
590,725.235
589,723.068
588,720.932
587,717.102
586,712.845
585,711.777
584,709.717
583,700.302
582,699.478
581,697.479
580,695.526
579,692.322
578,688.4
577,684.128
576,683.319
575,681.213
574,680.069
573,674.377
572,673.08
571,670.731
570,666.855
569,664.459
568,660.339
567,659.79
566,654.373
565,652.252
564,650.894
563,642.746
562,642.319
561,640.854
560,635.727
559,633.82
558,631.393
557,626.083
556,624.329
555,617.737
554,616.547
553,614.365
552,612.106
551,612.106
550,606.461
549,605.27
548,598.495
547,597.137
546,592.499
545,589.035
544,589.035
543,586.395
542,582.245
541,579.254
540,578.72
539,574.31
538,571.487
537,570.313
536,564.865
535,563.171
534,563.004
533,561.264
532,558.655
531,552.994
530,550.781
529,547.623
528,544.891
527,541.473
526,541.351
525,538.605
524,533.768
523,530.807
522,528.473
521,525.635
520,524.109
519,522.43
518,521.042
517,518.066
516,515.015
515,512.726
514,509.384
513,508.85
512,506.409
511,504.425
510,502.274
509,497.559
508,495.209
507,493.149
506,491.287
505,488.8
504,487.244
503,485.992
502,482.04
501,480.804
500,477.661
499,475.632
498,471.237
497,467.636
496,462.112
495,453.384
494,450.607
493,453.537
492,457.184
491,456.955
490,455.49
489,453.293
488,449.158
487,445.038
486,439.438
485,435.104
484,432.007
483,429.611
482,430.573
481,435.684
480,435.593
479,434.784
478,431.58
477,426.224
476,415.1
475,406.952
474,409.531
473,409.592
472,404.343
471,396.652
470,390.518
469,390.121
468,397.217
467,401.413
466,400.024
465,396.21
464,396.21
463,398.331
462,400.879
461,400.635
460,397.995
459,397.232
458,397.232
457,398.254
456,398.254
455,395.966
454,389.542
453,388.504
452,382.004
451,381.973
450,388.901
449,390.579
448,390.518
447,389.236
446,387.558
445,385.315
444,384.399
443,383.102
442,381.79
441,379.501
440,376.77
439,376.709
438,376.709
437,375.397
436,375.153
435,374.268
434,372.07
433,370.728
432,369.629
431,368.347
430,367.767
429,365.204
428,364.273
427,362.473
426,361.237
425,360.077
424,359.177
423,356.705
422,354.355
421,351.41
420,351.41
419,351.41
418,351.379
417,351.379
416,349.609
415,348.48
414,346.405
413,345.657
412,345.154
411,344.33
410,343.353
409,342.88
408,342.606
407,341.568
406,340.897
405,340.668
404,340.515
403,339.203
402,338.272
401,336.96
400,335.159
399,333.603
398,333.603
397,333.191
396,333.069
395,332.947
394,332.947
393,332.947
392,332.947
391,332.947
390,332.947
389,332.947
388,332.947
387,332.947
386,332.947
385,332.443
384,331.543
383,330.444
382,330.261
381,329.468
380,328.964
379,328.842
378,327.972
377,327.972
376,327.789
375,327.789
374,326.721
373,326.721
372,326.721
371,326.721
370,325.79
369,325.577
368,325.211
367,325.211
366,326.004
365,325.806
364,325.806
363,325.806
362,325.806
361,325.806
360,325.806
359,326.279
358,326.279
357,327.56
356,327.866
355,329.132
354,330.017
353,330.017
352,330.872
351,332.138
350,332.87
349,332.87
348,333.847
347,335.678
346,335.861
345,337.021
344,337.875
343,337.875
342,339.127
341,339.127
340,340.286
339,341.705
338,342.072
337,342.636
336,343.552
335,345.612
334,345.612
333,346.603
332,347.458
331,348.816
330,349.869
329,351.959
328,352.539
327,354.477
326,355.881
325,357.544
324,358.429
323,359.314
322,362.366
321,362.915
320,365.845
319,367.722
318,368.027
317,370.956
316,373.001
315,374.695
314,376.816
313,379.272
312,379.7
311,383.224
310,386.23
309,387.817
308,390.32
307,391.159
306,393.463
305,394.485
304,396.347
303,396.729
302,398.163
301,398.346
300,398.346
299,398.346
298,398.346
297,396.225
296,393.677
295,390.701
294,387.405
293,383.575
292,378.525
291,375.32
290,371.658
289,367.584
288,363.77
287,360.84
286,357.132
285,354.614
284,350.906
283,348.862
282,346.207
281,344.635
280,343.262
279,342.331
278,340.912
277,340.912
276,340.881
275,340.302
274,340.302
273,340.302
272,340.302
271,341.263
270,342.331
269,343.811
268,346.008
267,348.022
266,350.052
265,351.044
264,354.828
263,357.3
262,361.404
261,363.068
260,366.394
259,369.247
258,372.421
257,375.153
256,378.479
255,381.21
254,383.881
253,386.215
252,389.191
251,392.975
250,395.081
249,397.598
248,399.429
247,402.603
246,404.968
245,408.157
244,410.629
243,412.949
242,415.329
241,418.732
240,421.585
239,423.538
238,427.032
237,429.81
236,434.555
235,438.278
234,442.062
233,446.533
232,451.767
231,455.49
230,461.029
229,467.804
228,474.304
227,480.545
226,487.946
225,497.116
224,506.47
223,515.671
222,527.267
221,539.429
220,552.689
219,566.864
218,584.732
217,603.439
216,623.672
215,646.072
214,676.27
213,707.672
212,744.98
211,791.87
210,845.642
209,910.126
208,997.696
207,999.985
206,999.985
205,999.985
204,999.985
203,999.985
202,999.985
201,999.985
200,999.985

600,-0.0284498
599,-0.0260757
598,-0.0236953
597,-0.0214102
596,-0.0200022
595,-0.0182739
594,-0.0240931
593,-0.0275763
592,-0.021418
591,-0.0183007
590,-0.0198156
589,-0.0209931
588,-0.0179521
587,-0.0227654
586,-0.0268839
585,-0.024921
584,-0.0272186
583,-0.0398459
582,-0.0347658
581,-0.0311008
580,-0.0277751
579,-0.0269136
578,-0.0261036
577,-0.0235048
576,-0.0225326
575,-0.022605
574,-0.0234646
573,-0.0235236
572,-0.0227491
571,-0.0257603
570,-0.0165072
569,-0.0152525
568,-0.0176028
567,-0.0165554
566,-0.0170716
565,-0.0176283
564,-0.015212
563,-0.0174581
562,-0.0160229
561,-0.0151143
560,-0.0159277
559,-0.0173371
558,-0.0150017
557,-0.015617
556,-0.016511
555,-0.0155017
554,-0.013807
553,-0.0124503
552,-0.0127213
551,-0.00889095
550,-0.0100237
549,-0.00977311
548,-0.0102167
547,-0.0105013
546,-0.0124817
545,-0.010491
544,-0.00732844
543,-0.00604243
542,-0.00462603
541,-0.00304592
540,-0.00213222
539,0.00161634
538,0.00366004
537,0.00198009
536,0.00379234
535,0.00572035
534,0.00584124
533,0.0109692
532,0.0103015
531,0.00943189
530,0.0126559
529,0.013228
528,0.013371
527,0.014374
526,0.0162892
525,0.0171942
524,0.0179313
523,0.0163661
522,0.0193376
521,0.0203077
520,0.0253524
519,0.0241197
518,0.0264123
517,0.0286702
516,0.0300828
515,0.03254
514,0.0368098
513,0.0369165
512,0.0373525
511,0.0379501
510,0.0409218
509,0.0425988
508,0.0431013
507,0.0441969
506,0.0479235
505,0.047518
504,0.0456116
503,0.0506253
502,0.0517754
501,0.0547718
500,0.0597868
499,0.0622899
498,0.062077
497,0.0668003
496,0.0660198
495,0.0725842
494,0.0687435
493,0.0609027
492,0.0708843
491,0.0697423
490,0.072504
489,0.0769734
488,0.0798161
487,0.0840105
486,0.0858273
485,0.0848591
484,0.0865843
483,0.0843306
482,0.0769448
481,0.0855443
480,0.0886685
479,0.0913049
478,0.0948811
477,0.0990714
476,0.112946
475,0.103527
474,0.0913477
473,0.105248
472,0.110809
471,0.110485
470,0.119098
469,0.11206
468,0.100831
467,0.112052
466,0.116072
465,0.120831
464,0.11825
463,0.11541
462,0.122639
461,0.124735
460,0.126568
459,0.127112
458,0.128638
457,0.130475
456,0.133249
455,0.135806
454,0.135966
453,0.134852
452,0.147731
451,0.136058
450,0.133761
449,0.140527
448,0.146441
447,0.150178
446,0.147838
445,0.150676
444,0.152416
443,0.152855
442,0.157832
441,0.158643
440,0.159546
439,0.158595
438,0.16065
437,0.163745
436,0.166393
435,0.171059
434,0.171025
433,0.173158
432,0.175996
431,0.179555
430,0.180825
429,0.179079
428,0.1852
427,0.185371
426,0.186979
425,0.190783
424,0.192308
423,0.195076
422,0.198033
421,0.198162
420,0.196974
419,0.203547
418,0.206445
417,0.211363
416,0.214712
415,0.214461
414,0.216619
413,0.219088
412,0.222764
411,0.223641
410,0.223016
409,0.227305
408,0.230832
407,0.233546
406,0.236667
405,0.239375
404,0.244124
403,0.247147
402,0.248508
401,0.251016
400,0.251996
399,0.253217
398,0.256862
397,0.261352
396,0.262071
395,0.263654
394,0.266142
393,0.269413
392,0.27301
391,0.274688
390,0.279137
389,0.278962
388,0.28199
387,0.288405
386,0.292743
385,0.294358
384,0.299303
383,0.299945
382,0.303832
381,0.307732
380,0.311518
379,0.315917
378,0.318588
377,0.322898
376,0.328555
375,0.332319
374,0.335087
373,0.343457
372,0.347034
371,0.351253
370,0.353564
369,0.358552
368,0.363946
367,0.370169
366,0.373535
365,0.378783
364,0.385243
363,0.388422
362,0.392888
361,0.399231
360,0.405267
359,0.411419
358,0.419312
357,0.427173
356,0.433839
355,0.442074
354,0.449203
353,0.45647
352,0.464097
351,0.47218
350,0.48158
349,0.487411
348,0.496378
347,0.506727
346,0.515996
345,0.525295
344,0.532458
343,0.545088
342,0.554019
341,0.56325
340,0.576842
339,0.589996
338,0.602122
337,0.613626
336,0.624406
335,0.641546
334,0.649352
333,0.662477
332,0.675519
331,0.688369
330,0.70674
329,0.722599
328,0.736144
327,0.75097
326,0.765586
325,0.787813
324,0.804291
323,0.818859
322,0.837635
321,0.855338
320,0.87503
319,0.893106
318,0.909831
317,0.930872
316,0.950605
315,0.96851
314,0.989566
313,1.00772
312,1.02257
311,1.04328
310,1.06488
309,1.08371
308,1.10225
307,1.11669
306,1.13295
305,1.14684
304,1.15958
303,1.17115
302,1.17923
301,1.18415
300,1.18714
299,1.18412
298,1.17866
297,1.17342
296,1.16049
295,1.14455
294,1.12507
293,1.09804
292,1.07028
291,1.04384
290,1.0179
289,0.983861
288,0.956843
287,0.932711
286,0.904838
285,0.88177
284,0.859496
283,0.843235
282,0.826334
281,0.811989
280,0.799486
279,0.790592
278,0.784024
277,0.783952
276,0.779759
275,0.775741
274,0.774585
273,0.779992
272,0.780881
271,0.78578
270,0.793342
269,0.80547
268,0.815754
267,0.828998
266,0.840181
265,0.853515
264,0.867207
263,0.882374
262,0.900168
261,0.915199
260,0.933546
259,0.949236
258,0.967309
257,0.985601
256,1.00471
255,1.02443
254,1.04289
253,1.06129
252,1.08228
251,1.10049
250,1.11637
249,1.13377
248,1.14887
247,1.16358
246,1.18066
245,1.19767
244,1.21122
243,1.22494
242,1.23983
241,1.25379
240,1.26822
239,1.28022
238,1.29407
237,1.31021
236,1.32843
235,1.34727
234,1.36513
233,1.38684
232,1.41068
231,1.43305
230,1.46159
229,1.49574
228,1.53169
227,1.56657
226,1.60712
225,1.65163
224,1.70335
223,1.7552
222,1.81235
221,1.87604
220,1.9444
219,2.01844
218,2.10073
217,2.19015
216,2.28426
215,2.38873
214,2.51416
213,2.64734
212,2.79581
211,2.96939
210,3.16132
209,3.37796
208,3.63774
207,3.80717
206,3.99815
205,4.19673
204,4.40414
203,4.61976
202,4.85648
201,5.09365
200,5.33278

600,8.14558
599,8.13129
598,8.12194
597,8.10218
596,8.12132
595,8.24974
594,8.10583
593,8.08289
592,8.05651
591,8.10365
590,8.11502
589,8.12281
588,8.10452
587,8.19274
586,8.12178
585,8.17736
584,8.17146
583,8.12398
582,8.19603
581,8.16012
580,8.10535
579,8.07773
578,8.10749
577,8.06688
576,8.11618
575,8.10156
574,8.10279
573,8.11787
572,8.11796
571,8.11276
570,8.07572
569,8.16513
568,8.06585
567,8.12149
566,8.12801
565,8.10256
564,8.1319
563,8.10178
562,8.11581
561,8.15503
560,8.16699
559,8.16953
558,8.1346
557,8.1268
556,8.05978
555,8.09162
554,8.07748
553,8.11976
552,8.09549
551,8.15074
550,8.08947
549,8.10994
548,8.1134
547,8.15046
546,8.10166
545,8.06773
544,8.11561
543,8.10417
542,8.05907
541,8.06269
540,8.09456
539,8.08848
538,8.1234
537,8.10774
536,8.06588
535,8.11564
534,8.11915
533,8.22874
532,8.29415
531,8.12183
530,8.11916
529,8.13111
528,8.14987
527,8.09209
526,8.14034
525,8.13245
524,8.10317
523,8.09119
522,8.10002
521,8.08429
520,8.09262
519,8.13043
518,8.17831
517,8.13843
516,8.09031
515,8.05527
514,8.04438
513,8.17317
512,8.13557
511,8.12657
510,8.07719
509,8.10424
508,8.10148
507,8.12047
506,8.14063
505,8.06602
504,8.09225
503,8.10566
502,8.05683
501,8.11262
500,8.11713
499,8.14146
498,8.11938
497,8.12971
496,8.12755
495,8.08773
494,8.10287
493,7.93864
492,7.97484
491,8.06874
490,8.12978
489,8.10356
488,8.08634
487,8.14211
486,8.12343
485,8.06848
484,8.11954
483,8.18258
482,7.9015
481,8.03535
480,8.07241
479,8.07876
478,8.15197
477,8.09789
476,8.08342
475,8.11024
474,7.9241
473,7.87082
472,8.17412
471,8.12568
470,8.19149
469,8.15349
468,7.87385
467,7.84963
466,8.08396
465,8.09127
464,8.04376
463,7.85468
462,7.96719
461,8.05464
460,8.05157
459,8.04611
458,7.93653
457,7.96018
456,8.01109
455,8.11132
454,8.04417
453,8.08336
452,8.02442
451,8.01558
450,7.82878
449,7.97079
448,8.11528
447,8.12739
446,8.1473
445,8.07702
444,8.10716
443,8.08061
442,8.10992
441,8.13732
440,8.08073
439,8.14035
438,8.1278
437,8.0375
436,8.10816
435,8.16644
434,8.09769
433,8.08853
432,8.10231
431,8.09464
430,8.22913
429,8.09851
428,8.148
427,8.11379
426,8.08847
425,8.12598
424,8.19242
423,8.08489
422,8.15697
421,8.08945
420,8.00732
419,7.90324
418,8.05029
417,8.12744
416,8.10124
415,8.12785
414,8.109
413,8.12694
412,8.07871
411,8.09132
410,8.08405
409,8.07013
408,8.10203
407,8.05931
406,8.0449
405,8.06088
404,8.10399
403,8.06537
402,8.11092
401,8.16366
400,8.08181
399,8.10203
398,8.13395
397,8.02904
396,7.97601
395,8.03531
394,7.94839
393,8.02724
392,7.94092
391,7.98486
390,7.97178
389,7.99255
388,7.96496
387,8.07884
386,8.14936
385,8.13455
384,8.11121
383,8.10048
382,8.12438
381,8.07394
380,8.04561
379,8.10989
378,8.04822
377,8.03466
376,8.09563
375,8.18693
374,8.07791
373,8.10391
372,8.15191
371,8.11072
370,8.05406
369,8.04902
368,8.00378
367,7.95039
366,8.06253
365,8.07328
364,8.04608
363,7.99675
362,7.97649
361,7.93006
360,7.83458
359,7.8456
358,7.80455
357,7.88501
356,7.9334
355,7.96895
354,8.00887
353,7.91167
352,7.92506
351,7.98951
350,7.95751
349,7.86089
348,7.89869
347,7.98934
346,7.94333
345,7.9877
344,7.99853
343,7.89125
342,7.98078
341,7.95037
340,7.93539
339,8.01303
338,7.98667
337,7.90233
336,7.90192
335,8.04153
334,7.89713
333,7.9593
332,7.9118
331,7.92909
330,7.86223
329,7.94755
328,7.8992
327,7.99473
326,8.00344
325,7.99583
324,7.98968
323,7.93513
322,8.03221
321,7.87176
320,7.99855
319,8.00764
318,7.83819
317,7.93717
316,7.95011
315,7.93075
314,7.96089
313,8.03692
312,7.80537
311,7.95342
310,8.02744
309,7.949
308,7.99404
307,7.8871
306,7.9544
305,7.90876
304,7.97159
303,7.87539
302,7.95711
301,7.94639
300,7.95166
299,8.0325
298,8.17766
297,8.1078
296,8.09424
295,8.05933
294,8.05733
293,8.09515
292,8.0894
291,8.1631
290,8.04824
289,8.07735
288,8.065
287,8.13388
286,8.09658
285,8.18419
284,8.04764
283,8.12071
282,8.05551
281,8.08101
280,8.0901
279,8.12957
278,8.03461
277,8.07115
276,8.11421
275,8.08819
274,8.09458
273,8.01813
272,7.95323
271,7.95625
270,7.92637
269,7.90435
268,8.01436
267,7.99753
266,7.99544
265,7.80486
264,7.9988
263,7.94902
262,8.10271
261,7.94499
260,7.97923
259,7.97176
258,7.97651
257,7.94539
256,8.012
255,8.00128
254,7.96486
253,7.93309
252,7.90637
251,8.0359
250,7.98014
249,7.98364
248,7.92162
247,7.98223
246,7.93352
245,7.95897
244,7.97233
243,7.97771
242,7.94292
241,8.03358
240,8.01464
239,7.91732
238,7.93479
237,7.87724
236,7.97384
235,7.97158
234,7.98066
233,7.99547
232,8.06034
231,7.92128
230,7.97567
229,8.00726
228,7.98276
227,7.92474
226,7.92995
225,8.00824
224,7.96428
223,7.92284
222,7.9978
221,8.01622
220,8.01482
219,7.92108
218,8.01773
217,8.03093
216,8.00262
215,7.89461
214,8.06401
213,8.01166
212,8.01896
211,8.04072
210,8.02468
209,7.92959
208,8.02716
207,5.56051
206,3.61931
205,2.32474
204,1.4743
203,0.914108
202,0.543655
201,0.320928
200,0.190609

600,20000
599,20000
598,20000
597,20000
596,20000
595,20000
594,20000
593,20000
592,20000
591,20000
590,20000
589,20000
588,20000
587,20000
586,20000
585,20000
584,20000
583,20000
582,20000
581,20000
580,20000
579,20000
578,20000
577,20000
576,20000
575,20000
574,20000
573,20000
572,20000
571,20000
570,20000
569,20000
568,20000
567,20000
566,20000
565,20000
564,20000
563,20000
562,20000
561,20000
560,20000
559,20000
558,20000
557,20000
556,20000
555,20000
554,20000
553,20000
552,20000
551,20000
550,20000
549,20000
548,20000
547,20000
546,20000
545,20000
544,20000
543,20000
542,20000
541,20000
540,20000
539,20000
538,20000
537,20000
536,20000
535,20000
534,20000
533,20000
532,20000
531,20000
530,20000
529,20000
528,20000
527,20000
526,20000
525,20000
524,20000
523,20000
522,20000
521,20000
520,20000
519,20000
518,20000
517,20000
516,20000
515,20000
514,20000
513,20000
512,20000
511,20000
510,20000
509,20000
508,20000
507,20000
506,20000
505,20000
504,20000
503,20000
502,20000
501,20000
500,20000
499,20000
498,20000
497,20000
496,20000
495,20000
494,20000
493,20000
492,20000
491,20000
490,20000
489,20000
488,20000
487,20000
486,20000
485,20000
484,20000
483,20000
482,20000
481,20000
480,20000
479,20000
478,20000
477,20000
476,20000
475,20000
474,20000
473,20000
472,20000
471,20000
470,20000
469,20000
468,20000
467,20000
466,20000
465,20000
464,20000
463,20000
462,20000
461,20000
460,20000
459,20000
458,20000
457,20000
456,20000
455,20000
454,20000
453,20000
452,20000
451,20000
450,20000
449,20000
448,20000
447,20000
446,20000
445,20000
444,20000
443,20000
442,20000
441,20000
440,20000
439,20000
438,20000
437,20000
436,20000
435,20000
434,20000
433,20000
432,20000
431,20000
430,20000
429,20000
428,20000
427,20000
426,20000
425,20000
424,20000
423,20000
422,20000
421,20000
420,20000
419,20000
418,20000
417,20000
416,20000
415,20000
414,20000
413,20000
412,20000
411,20000
410,20000
409,20000
408,20000
407,20000
406,20000
405,20000
404,20000
403,20000
402,20000
401,20000
400,20000
399,20000
398,20000
397,20000
396,20000
395,20000
394,20000
393,20000
392,20000
391,20000
390,20000
389,20000
388,20000
387,20000
386,20000
385,20000
384,20000
383,20000
382,20000
381,20000
380,20000
379,20000
378,20000
377,20000
376,20000
375,20000
374,20000
373,20000
372,20000
371,20000
370,20000
369,20000
368,20000
367,20000
366,20000
365,20000
364,20000
363,20000
362,20000
361,20000
360,20000
359,20000
358,20000
357,20000
356,20000
355,20000
354,20000
353,20000
352,20000
351,20000
350,20000
349,20000
348,20000
347,20000
346,20000
345,20000
344,20000
343,20000
342,20000
341,20000
340,20000
339,20000
338,20000
337,20000
336,20000
335,20000
334,20000
333,20000
332,20000
331,20000
330,20000
329,20000
328,20000
327,20000
326,20000
325,20000
324,20000
323,20000
322,20000
321,20000
320,20000
319,20000
318,20000
317,20000
316,20000
315,20000
314,20000
313,20000
312,20000
311,20000
310,20000
309,20000
308,20000
307,20000
306,20000
305,20000
304,20000
303,20000
302,20000
301,20000
300,20000
299,20000
298,20000
297,20000
296,20000
295,20000
294,20000
293,20000
292,20000
291,20000
290,20000
289,20000
288,20000
287,20000
286,20000
285,20000
284,20000
283,20000
282,20000
281,20000
280,20000
279,20000
278,20000
277,20000
276,20000
275,20000
274,20000
273,20000
272,20000
271,20000
270,20000
269,20000
268,20000
267,20000
266,20000
265,20000
264,20000
263,20000
262,20000
261,20000
260,20000
259,20000
258,20000
257,20000
256,20000
255,20000
254,20000
253,20000
252,20000
251,20000
250,20000
249,20000
248,20000
247,20000
246,20000
245,20000
244,20000
243,20000
242,20000
241,20000
240,20000
239,20000
238,20000
237,20000
236,20000
235,20000
234,20000
233,20000
232,20000
231,20000
230,20000
229,20000
228,20000
227,20000
226,20000
225,20000
224,20000
223,20000
222,20000
221,20000
220,20000
219,20000
218,20000
217,20000
216,20000
215,20000
214,20000
213,20000
212,20000
211,20000
210,20000
209,20000
208,20000
207,20000
206,20000
205,20000
204,20000
203,20000
202,20000
201,20000
200,20000

600,1.93344
599,1.67108
598,1.78719
597,1.84835
596,1.80156
595,1.41647
594,1.73844
593,1.53183
592,1.82822
591,1.61813
590,1.5757
589,1.50045
588,1.64142
587,1.60371
586,1.5033
585,1.47078
584,1.68116
583,1.63831
582,1.55515
581,1.37327
580,1.43204
579,1.57944
578,1.45668
577,1.47329
576,1.49224
575,1.39048
574,1.38209
573,1.30713
572,1.12195
571,1.27059
570,1.45725
569,1.35337
568,1.34296
567,1.34573
566,1.39522
565,1.19825
564,1.24666
563,1.36631
562,0.996941
561,1.17295
560,1.30132
559,0.976272
558,1.07422
557,1.27107
556,1.08249
555,1.04997
554,0.923211
553,1.21953
552,1.07597
551,0.929139
550,1.0221
549,1.10073
548,0.987366
547,1.00573
546,0.935623
545,0.969494
544,0.896221
543,0.98038
542,0.970064
541,0.915818
540,0.854584
539,0.939934
538,0.877163
537,0.765755
536,0.8595
535,0.831733
534,0.848526
533,0.928555
532,0.71777
531,0.869314
530,0.731
529,0.848638
528,0.779642
527,0.76635
526,0.803964
525,0.744116
524,0.61707
523,0.683696
522,0.680777
521,0.704237
520,0.732457
519,0.640314
518,0.725389
517,0.661124
516,0.615293
515,0.670367
514,0.613204
513,0.607248
512,0.730785
511,0.701316
510,0.566375
509,0.566523
508,0.546349
507,0.512439
506,0.630028
505,0.55354
504,0.591823
503,0.610106
502,0.62265
501,0.607371
500,0.511758
499,0.587313
498,0.562671
497,0.542611
496,0.466788
495,0.428668
494,0.545689
493,0.518007
492,0.461879
491,0.517191
490,0.512962
489,0.462565
488,0.451122
487,0.420467
486,0.414323
485,0.431546
484,0.446253
483,0.411945
482,0.422128
481,0.436641
480,0.44495
479,0.432642
478,0.440637
477,0.36919
476,0.344649
475,0.332814
474,0.383858
473,0.365134
472,0.338048
471,0.383425
470,0.344321
469,0.354227
468,0.333919
467,0.37144
466,0.367538
465,0.318565
464,0.319427
463,0.380136
462,0.333253
461,0.37184
460,0.372516
459,0.320084
458,0.304593
457,0.324777
456,0.374611
455,0.329942
454,0.334469
453,0.350868
452,0.285478
451,0.297487
450,0.349723
449,0.313399
448,0.299674
447,0.341995
446,0.264271
445,0.301333
444,0.306277
443,0.334909
442,0.29827
441,0.247338
440,0.309372
439,0.288969
438,0.304048
437,0.278483
436,0.299468
435,0.310434
434,0.288459
433,0.270012
432,0.270515
431,0.305264
430,0.256115
429,0.264251
428,0.25782
427,0.276868
426,0.282523
425,0.272875
424,0.257259
423,0.23985
422,0.21936
421,0.270634
420,0.225277
419,0.228575
418,0.239205
417,0.264071
416,0.221394
415,0.228934
414,0.19127
413,0.211939
412,0.245676
411,0.214143
410,0.227224
409,0.217191
408,0.216401
407,0.211977
406,0.241285
405,0.232891
404,0.229435
403,0.214637
402,0.230249
401,0.202312
400,0.230715
399,0.196924
398,0.172026
397,0.184643
396,0.218411
395,0.220828
394,0.194628
393,0.220185
392,0.213407
391,0.202549
390,0.186315
389,0.195676
388,0.216022
387,0.215087
386,0.205725
385,0.211043
384,0.194238
383,0.199205
382,0.206596
381,0.20524
380,0.203423
379,0.186966
378,0.187922
377,0.204336
376,0.219692
375,0.208168
374,0.188399
373,0.196877
372,0.180045
371,0.199385
370,0.194483
369,0.195381
368,0.195139
367,0.199724
366,0.209715
365,0.187147
364,0.207471
363,0.208995
362,0.189629
361,0.196756
360,0.207182
359,0.217467
358,0.198608
357,0.210491
356,0.196973
355,0.208388
354,0.207948
353,0.1965
352,0.190251
351,0.206302
350,0.201453
349,0.215758
348,0.210857
347,0.208423
346,0.22744
345,0.216535
344,0.234604
343,0.253862
342,0.232877
341,0.230311
340,0.214129
339,0.211725
338,0.223686
337,0.219966
336,0.214875
335,0.2071
334,0.212509
333,0.235709
332,0.264539
331,0.24801
330,0.250001
329,0.236194
328,0.247187
327,0.267415
326,0.259644
325,0.273261
324,0.260198
323,0.238457
322,0.254318
321,0.221413
320,0.256616
319,0.274698
318,0.272692
317,0.285029
316,0.293392
315,0.283998
314,0.300333
313,0.289108
312,0.230008
311,0.291343
310,0.300878
309,0.347863
308,0.301199
307,0.337762
306,0.331792
305,0.340429
304,0.316287
303,0.366252
302,0.385117
301,0.361446
300,0.32219
299,0.327539
298,0.345254
297,0.312599
296,0.318516
295,0.336608
294,0.317286
293,0.291021
292,0.288346
291,0.275753
290,0.261047
289,0.264965
288,0.246025
287,0.249104
286,0.246649
285,0.213826
284,0.241723
283,0.206555
282,0.263004
281,0.240232
280,0.236249
279,0.207183
278,0.197528
277,0.222849
276,0.197246
275,0.209829
274,0.200477
273,0.212861
272,0.2364
271,0.226953
270,0.185494
269,0.253985
268,0.222909
267,0.252989
266,0.250726
265,0.258194
264,0.246588
263,0.253009
262,0.273237
261,0.274554
260,0.286563
259,0.256643
258,0.295218
257,0.316112
256,0.327681
255,0.301111
254,0.339403
253,0.294357
252,0.379812
251,0.308951
250,0.352197
249,0.340044
248,0.356224
247,0.373218
246,0.395368
245,0.362973
244,0.369199
243,0.321407
242,0.355953
241,0.33559
240,0.382053
239,0.40224
238,0.413347
237,0.441813
236,0.455061
235,0.40746
234,0.461907
233,0.48904
232,0.455189
231,0.496059
230,0.553981
229,0.543914
228,0.532959
227,0.552207
226,0.585206
225,0.596831
224,0.626961
223,0.739057
222,0.67138
221,0.755543
220,0.851717
219,0.91395
218,0.903162
217,1.02494
216,1.10393
215,1.22093
214,1.42181
213,1.64246
212,1.81484
211,2.05201
210,2.65899
209,2.73314
208,3.65778
207,4.12798
206,5.56384
205,7.12649
204,10.9123
203,14.8646
202,20.4475
201,27.2128
200,31.2443

600,18.5687
599,18.5687
598,18.5687
597,18.5687
596,18.5687
595,18.5687
594,18.5687
593,18.5687
592,18.5687
591,18.5687
590,18.5687
589,18.5687
588,18.5687
587,18.5687
586,18.5687
585,18.5687
584,18.5687
583,18.5687
582,18.5687
581,18.5687
580,18.5687
579,18.5687
578,18.5687
577,18.5687
576,18.5687
575,18.5687
574,18.5687
573,18.5687
572,18.5687
571,18.5687
570,18.5687
569,18.5687
568,18.5687
567,18.5687
566,18.5687
565,18.5687
564,18.5687
563,18.5687
562,18.5687
561,18.5687
560,18.5687
559,18.5687
558,18.5687
557,18.5687
556,18.5687
555,18.5687
554,18.5687
553,18.5687
552,18.5687
551,18.5687
550,18.5687
549,18.5687
548,18.5687
547,18.5687
546,18.5687
545,18.5687
544,18.5687
543,18.5687
542,18.5687
541,18.6187
540,18.5687
539,18.5687
538,18.5687
537,18.5687
536,18.5687
535,18.5687
534,18.5687
533,18.5687
532,18.5687
531,18.5687
530,18.5687
529,18.5687
528,18.5687
527,18.5687
526,18.5687
525,18.5687
524,18.5687
523,18.5687
522,18.5687
521,18.5687
520,18.5687
519,18.5687
518,18.5687
517,18.5687
516,18.5687
515,18.5687
514,18.5687
513,18.5687
512,18.5687
511,18.5687
510,18.5687
509,18.5687
508,18.5687
507,18.5687
506,18.5687
505,18.5687
504,18.5687
503,18.5687
502,18.5687
501,18.5687
500,18.6187
499,18.5687
498,18.5687
497,18.5687
496,18.5687
495,18.5687
494,18.6187
493,18.5687
492,18.5687
491,18.5687
490,18.5687
489,18.5687
488,18.5687
487,18.5687
486,18.5687
485,18.5687
484,18.5687
483,18.5687
482,18.5687
481,18.5687
480,18.5687
479,18.5687
478,18.6187
477,18.5687
476,18.5687
475,18.5687
474,18.5687
473,18.6187
472,18.5687
471,18.5687
470,18.5687
469,18.6187
468,18.5687
467,18.5687
466,18.6187
465,18.5687
464,18.5687
463,18.6187
462,18.5687
461,18.5687
460,18.6187
459,18.5687
458,18.5687
457,18.6187
456,18.5687
455,18.6187
454,18.5687
453,18.5687
452,18.5687
451,18.6187
450,18.6187
449,18.6187
448,18.5687
447,18.5687
446,18.5687
445,18.5687
444,18.5687
443,18.5687
442,18.5687
441,18.5687
440,18.5687
439,18.6187
438,18.5687
437,18.5687
436,18.5687
435,18.6187
434,18.5687
433,18.5687
432,18.5687
431,18.6187
430,18.6187
429,18.6187
428,18.5687
427,18.6187
426,18.6187
425,18.6187
424,18.5687
423,18.5687
422,18.6187
421,18.6187
420,18.6187
419,18.6187
418,18.5687
417,18.6187
416,18.6187
415,18.6187
414,18.6187
413,18.6187
412,18.6187
411,18.6187
410,18.6187
409,18.6187
408,18.6187
407,18.6187
406,18.6187
405,18.6187
404,18.6187
403,18.6187
402,18.6187
401,18.6187
400,18.6187
399,18.6187
398,18.6187
397,18.6187
396,18.6187
395,18.6187
394,18.6187
393,18.6187
392,18.6187
391,18.6187
390,18.6187
389,18.6187
388,18.6187
387,18.6187
386,18.6187
385,18.6187
384,18.6187
383,18.6187
382,18.6187
381,18.6187
380,18.6187
379,18.6187
378,18.6187
377,18.6187
376,18.6187
375,18.6187
374,18.6187
373,18.6187
372,18.6187
371,18.6187
370,18.6187
369,18.6187
368,18.6187
367,18.6187
366,18.6187
365,18.6187
364,18.6187
363,18.6187
362,18.6187
361,18.6187
360,18.6187
359,18.6187
358,18.6187
357,18.6187
356,18.6187
355,18.6187
354,18.6187
353,18.6187
352,18.6187
351,18.6187
350,18.6187
349,18.6187
348,18.6187
347,18.6187
346,18.6187
345,18.6187
344,18.6187
343,18.6187
342,18.6187
341,18.6187
340,18.6187
339,18.6187
338,18.6187
337,18.6187
336,18.6187
335,18.6187
334,18.6187
333,18.6187
332,18.6187
331,18.6187
330,18.6187
329,18.6187
328,18.6187
327,18.6187
326,18.6187
325,18.6187
324,18.6187
323,18.6187
322,18.6187
321,18.6187
320,18.6688
319,18.6187
318,18.6187
317,18.4685
316,18.6187
315,18.6688
314,18.6187
313,18.6187
312,18.6187
311,18.6187
310,18.6688
309,18.6688
308,18.6688
307,18.6688
306,18.6187
305,18.6688
304,18.6187
303,18.6688
302,18.6688
301,18.6688
300,18.6688
299,18.6688
298,18.6688
297,18.6688
296,18.6688
295,18.6187
294,18.6187
293,18.6688
292,18.6688
291,18.6688
290,18.6688
289,18.6688
288,18.6688
287,18.6688
286,18.6688
285,18.6688
284,18.6688
283,18.6688
282,18.6688
281,18.6688
280,18.6688
279,18.6688
278,18.6688
277,18.6688
276,18.6688
275,18.6688
274,18.6688
273,18.6688
272,18.6688
271,18.6688
270,18.6688
269,18.6688
268,18.6688
267,18.6688
266,18.6688
265,18.6688
264,18.6688
263,18.6688
262,18.6688
261,18.6688
260,18.6688
259,18.6688
258,18.6688
257,18.6688
256,18.6688
255,18.6688
254,18.6688
253,18.6688
252,18.6688
251,18.6688
250,18.6688
249,18.6688
248,18.6688
247,18.6688
246,18.6688
245,18.6688
244,18.6688
243,18.6688
242,18.6688
241,18.6688
240,18.6688
239,18.6688
238,18.6688
237,18.6688
236,18.6688
235,18.6688
234,18.6688
233,18.6688
232,18.6688
231,18.6688
230,18.6688
229,18.6688
228,18.6688
227,18.6688
226,18.6688
225,18.6688
224,18.6688
223,18.6688
222,18.6688
221,18.6688
220,18.6688
219,18.6688
218,18.6688
217,18.6688
216,18.6688
215,18.6688
214,18.6688
213,18.6688
212,18.6688
211,18.6688
210,18.6688
209,18.6688
208,18.6688
207,18.6688
206,18.6688
205,18.7188
204,18.6688
203,18.6688
202,18.6688
201,18.6688
200,18.6688

