600,2.43129
599,1.45658
598,0.739949
597,2.53219
596,1.9497
595,0.296271
594,0.449212
593,-1.52775
592,1.83654
591,0.468115
590,0.537506
589,2.00559
588,-1.0679
587,1.47534
586,-1.19417
585,3.65662
584,-0.866167
583,-3.7619
582,-0.67378
581,2.05967
580,1.49079
579,2.56627
578,-0.205344
577,0.410788
576,1.78422
575,0.961836
574,2.01177
573,-1.17006
572,1.43848
571,1.81135
570,2.22886
569,-0.617485
568,1.24852
567,1.31065
566,0.816555
565,0.472387
564,2.23059
563,0.534174
562,1.63721
561,1.02842
560,-0.250655
559,2.00017
558,-1.53362
557,0.870223
556,0.843155
555,1.02466
554,0.10912
553,0.0900847
552,0.658464
551,1.41389
550,0.621502
549,1.05197
548,0.170907
547,2.1166
546,0.845221
545,-0.740351
544,0.52922
543,-0.482323
542,0.661361
541,0.0203542
540,0.333283
539,1.58163
538,0.125086
537,0.822881
536,-0.0574883
535,1.46263
534,0.637668
533,0.383026
532,-0.0418026
531,-0.323274
530,1.23257
529,-0.486034
528,-0.661259
527,-1.07447
526,-0.312783
525,0.344382
524,0.00543942
523,0.610145
522,0.0803249
521,-1.1182
520,-0.50826
519,-0.746547
518,0.199379
517,0.368447
516,-0.479424
515,-0.448031
514,-1.04508
513,0.637271
512,-0.394513
511,-0.457104
510,1.05831
509,-1.2906
508,0.443348
507,0.138373
506,0.432888
505,0.489888
504,0.0848327
503,-0.343616
502,0.0542425
501,0.0130966
500,0.521159
499,-0.533168
498,0.368829
497,0.589181
496,0.126301
495,0.409618
494,0.473441
493,0.157351
492,0.676321
491,-0.261824
490,0.389803
489,0.0476252
488,0.764795
487,0.529973
486,0.592828
485,0.208209
484,0.0712642
483,0.301872
482,0.852106
481,0.46072
480,0.281766
479,0.216419
478,0.0115289
477,0.356583
476,0.252134
475,0.130549
474,0.223994
473,0.193668
472,0.126976
471,0.0695076
470,-0.281639
469,0.281742
468,0.514628
467,-0.249967
466,0.405521
465,0.0760058
464,-0.0931983
463,0.28461
462,0.70128
461,0.00847112
460,-0.329831
459,0.410626
458,0.213405
457,-0.260827
456,-0.540695
455,-0.0120389
454,-0.0566318
453,0.0219928
452,0.0929325
451,-0.270516
450,-0.114206
449,0.52758
448,0.0357412
447,0.355072
446,-0.0407582
445,0.186914
444,0.0709349
443,-0.20764
442,0.105923
441,0.446733
440,0.207504
439,-0.294893
438,0.278441
437,0.30404
436,0.145101
435,0.269189
434,0.431088
433,0.684738
432,0.11105
431,0.107853
430,-0.0172505
429,0.184012
428,0.210223
427,0.147699
426,0.562817
425,-0.00863661
424,0.188646
423,0.367171
422,0.0562749
421,-0.0867022
420,0.0663104
419,0.00401902
418,0.0685602
417,-0.0652559
416,0.0387289
415,0.106195
414,0.263244
413,0.265898
412,0.0395631
411,-0.0187498
410,0.0324525
409,0.18352
408,-0.0624255
407,0.0102632
406,0.0725209
405,0.0244498
404,-0.152745
403,-0.183891
402,-0.118629
401,0.124955
400,0.0753348
399,-0.141092
398,0.0134447
397,0.178123
396,0.0889825
395,0.166889
394,-0.187134
393,0.473236
392,0.0661592
391,0.043075
390,0.16727
389,0.0862312
388,0.102383
387,-0.374161
386,-0.298684
385,0.240314
384,-0.0213452
383,0.172098
382,0.143437
381,-0.0513138
380,0.0107625
379,-0.239049
378,-0.0118828
377,0.061275
376,-0.336625
375,-0.39344
374,-0.285425
373,-0.406757
372,-0.329541
371,-0.278591
370,-0.340688
369,-0.452399
368,-0.4383
367,-0.461486
366,-0.490549
365,-0.453665
364,-0.705484
363,-0.571716
362,-0.479872
361,-0.709737
360,-0.838192
359,-0.624538
358,-0.905721
357,-0.917097
356,-0.687779
355,-1.01511
354,-1.12913
353,-1.05865
352,-0.955711
351,-1.10005
350,-1.16654
349,-0.887321
348,-0.932527
347,-1.12942
346,-1.51408
345,-0.923363
344,-1.48679
343,-1.41079
342,-1.53211
341,-1.57117
340,-1.33268
339,-1.58461
338,-1.38489
337,-1.49628
336,-1.3416
335,-1.37145
334,-1.39895
333,-1.36553
332,-1.39339
331,-1.43048
330,-1.63668
329,-1.26553
328,-1.31972
327,-1.2638
326,-1.35464
325,-1.41536
324,-1.04299
323,-0.877871
322,-1.04015
321,-1.05644
320,-0.868133
319,-0.795927
318,-0.735103
317,-0.789797
316,-0.88103
315,-0.738127
314,-0.633637
313,-0.72332
312,-0.533419
311,-0.606897
310,-0.335633
309,-0.487079
308,-0.384857
307,-0.356776
306,-0.330929
305,-0.350327
304,-0.208332
303,-0.515165
302,-0.396279
301,-0.581256
300,-0.836477
299,-0.972649
298,-0.764129
297,-1.02844
296,-1.07306
295,-1.17725
294,-1.30412
293,-1.16641
292,-1.19272
291,-1.24328
290,-1.19151
289,-1.41498
288,-1.3084
287,-1.38346
286,-1.35935
285,-1.29668
284,-1.18009
283,-0.908196
282,-0.997814
281,-0.87739
280,-0.973952
279,-0.8146
278,-1.11357
277,-1.06745
276,-0.76851
275,-0.516651
274,-0.538405
273,-0.609437
272,-0.67341
271,-0.485821
270,-0.195375
269,-0.315928
268,-0.38185
267,-0.370965
266,-0.171083
265,-0.0757311
264,0.0644624
263,-0.045708
262,0.115035
261,0.0721129
260,0.282148
259,0.0519281
258,0.147096
257,0.0870146
256,0.180791
255,0.0872439
254,-0.0013042
253,0.0471889
252,0.116123
251,0.0619331
250,-0.12719
249,-0.22875
248,-0.302181
247,-0.306123
246,-0.466332
245,-0.273618
244,-0.157093
243,-0.42101
242,-0.38492
241,-0.399878
240,-0.23622
239,-0.450965
238,-0.860582
237,-0.571528
236,-1.12998
235,-0.775943
234,-0.966811
233,-1.33503
232,-0.660929
231,-0.373012
230,-0.359662
229,-0.243408
228,0.319221
227,0.680801
226,0.975708
225,0.693964
224,0.894408
223,0.879016
222,1.16405
221,0.963371
220,0.76231
219,0.919661
218,0.569529
217,0.633936
216,0.469662
215,-0.0545
214,0.308999
213,-0.035958
212,-0.602771
211,-0.673698
210,-1.36775
209,-1.28547
208,-2.45784
207,-2.48197
206,-3.8746
205,-4.59431
204,-5.97758
203,-7.23869
202,-7.82876
201,-9.63396
200,-10.8695

600,772.858
599,769.943
598,769.608
597,764.587
596,754.242
595,751.755
594,748.672
593,746.155
592,737.869
591,734.512
590,732.91
589,731.171
588,726.105
587,722.305
586,716.385
585,714.233
584,710.831
583,704.529
582,702.118
581,702.118
580,698.776
579,695.374
578,690.72
577,686.493
576,685.928
575,684.494
574,683.533
573,677.841
572,675.888
571,675.888
570,668.945
569,663.498
568,661.423
567,659.622
566,652.817
565,651.703
564,649.048
563,640.854
562,640.244
561,638.84
560,633.27
559,633.27
558,630.234
557,624.771
556,624.771
555,616.287
554,615.814
553,612.839
552,612.32
551,608.414
550,603.775
549,602.219
548,595.657
547,595.596
546,589.63
545,585.846
544,585.373
543,582.275
542,578.979
541,574.966
540,574.738
539,568.451
538,565.979
537,565.048
536,558.884
535,556.9
534,556.229
533,552.383
532,548.904
531,546.31
530,543.442
529,540.375
528,537.033
527,534.256
526,532.898
525,530.579
524,525.192
523,522.537
522,520.05
521,517.624
520,514.984
519,512.756
518,512.573
517,508.667
516,505.615
515,503.769
514,500.702
513,497.345
512,494.751
511,493.652
510,491.867
509,486.588
508,483.643
507,481.857
506,479.141
505,477.188
504,475.037
503,474.792
502,470.856
501,468.521
500,465.027
499,462.845
498,459.122
497,455.276
496,449.387
495,439.941
494,438.187
493,440.598
492,444.366
491,443.863
490,440.948
489,440.338
488,435.196
487,430.13
486,424.774
485,421.906
484,418.03
483,414.886
482,417.404
481,420.807
480,420.807
479,420.578
478,416.916
477,411.591
476,399.506
475,391.739
474,394.424
473,395.508
472,387.894
471,381.683
470,374.298
469,374.298
468,383.301
467,386.276
466,384.72
465,380.661
464,380.661
463,382.111
462,384.766
461,384.155
460,381.668
459,380.6
458,380.6
457,380.6
456,380.661
455,378.632
454,372.116
453,370.697
452,364.807
451,364.807
450,373.077
449,372.925
448,372.726
447,371.201
446,368.881
445,366.669
444,365.738
443,363.907
442,362.701
441,360.123
440,357.819
439,357.666
438,357.315
437,356.262
436,355.453
435,353.439
434,351.99
433,350.861
432,349.136
431,347.778
430,346.313
429,344.925
428,343.491
427,342.239
426,341.141
425,339.035
424,337.845
423,336.029
422,333.252
421,330.246
420,330.215
419,330.215
418,329.559
417,328.827
416,327.209
415,327.042
414,323.776
413,323.151
412,322.464
411,321.518
410,320.419
409,319.794
408,318.985
407,318.069
406,316.971
405,316.971
404,315.75
403,314.636
402,313.065
401,311.462
400,309.83
399,308.411
398,307.861
397,307.861
396,307.831
395,307.831
394,307.831
393,306.686
392,306.686
391,306.686
390,306.351
389,305.481
388,305.481
387,305.054
386,303.741
385,303.741
384,301.804
383,301.498
382,300.369
381,299.774
380,298.752
379,298.599
378,297.546
377,297.318
376,296.158
375,294.937
374,294.571
373,294.052
372,293.32
371,293.03
370,291.87
369,291.351
368,290.756
367,290.527
366,290.527
365,289.337
364,289.337
363,288.91
362,288.91
361,288.269
360,288.269
359,287.933
358,287.43
357,287.43
356,287.231
355,287.231
354,286.835
353,286.713
352,286.484
351,286.484
350,286.484
349,286.453
348,286.301
347,286.301
346,286.301
345,286.301
344,285.736
343,285.156
342,284.897
341,284.149
340,284.027
339,283.813
338,283.005
337,282.822
336,282.7
335,281.845
334,281.845
333,281.174
332,281.174
331,281.174
330,280.716
329,280.396
328,280.212
327,279.633
326,279.007
325,279.007
324,278.214
323,277.832
322,277.679
321,277.451
320,277.42
319,277.42
318,276.932
317,276.932
316,276.779
315,276.428
314,275.62
313,275.62
312,275.62
311,275.436
310,275.436
309,275.436
308,275.436
307,275.436
306,275.436
305,275.436
304,275.436
303,275.436
302,275.436
301,275.436
300,275.162
299,274.918
298,274.704
297,274.704
296,274.704
295,273.926
294,273.743
293,272.873
292,271.53
291,271.53
290,271.439
289,271.317
288,270.966
287,270.508
286,270.187
285,269.836
284,269.592
283,269.379
282,269.257
281,268.997
280,268.585
279,268.265
278,268.265
277,268.265
276,268.265
275,268.143
274,268.143
273,268.143
272,268.143
271,268.143
270,268.143
269,268.555
268,269.043
267,269.531
266,270.035
265,270.279
264,271.439
263,272.232
262,272.507
261,273.27
260,274.2
259,274.628
258,275.894
257,276.672
256,276.672
255,276.672
254,277.1
253,277.817
252,278.717
251,279.343
250,279.77
249,280.197
248,280.197
247,280.197
246,281.509
245,281.509
244,281.509
243,282.837
242,283.249
241,283.249
240,284.439
239,286.728
238,286.728
237,288.757
236,289.291
235,289.658
234,292.023
233,293.793
232,295.197
231,297.394
230,297.394
229,299.744
228,301.224
227,303.482
226,304.611
225,306.732
224,308.258
223,311.676
222,314.88
221,316.62
220,319.504
219,322.372
218,324.875
217,328.445
216,331.909
215,335.983
214,339.951
213,344.452
212,348.206
211,353.043
210,359.085
209,365.25
208,371.216
207,379.517
206,387.344
205,397.202
204,406.631
203,416.962
202,428.97
201,441.147
200,452.866

600,0.0157505
599,0.0165691
598,0.0189113
597,0.0195979
596,0.0162312
595,0.0155771
594,0.011302
593,0.00949892
592,0.0118405
591,0.0101992
590,0.00817467
589,0.00625719
588,0.001473
587,-0.00437445
586,-0.013575
585,-0.0122134
584,-0.0181761
583,-0.0229412
582,-0.0186581
581,-0.0126226
580,-0.0144344
579,-0.0144131
578,-0.0156101
577,-0.0147525
576,-0.0117872
575,-0.0101858
574,-0.00945861
573,-0.00896182
572,-0.0111107
571,-0.00847468
570,-0.0129151
569,-0.0165311
568,-0.0170512
567,-0.0178269
566,-0.0215744
565,-0.0193593
564,-0.0217469
563,-0.0247286
562,-0.0236376
561,-0.0214851
560,-0.0225877
559,-0.0204283
558,-0.0208537
557,-0.0220409
556,-0.0218227
555,-0.0239089
554,-0.0207977
553,-0.0203197
552,-0.0214624
551,-0.0235309
550,-0.0244817
549,-0.0248031
548,-0.0249824
547,-0.0242036
546,-0.0251224
545,-0.0280456
544,-0.0257875
543,-0.0262748
542,-0.0247351
541,-0.0267299
540,-0.0268261
539,-0.0269131
538,-0.0254756
537,-0.0253035
536,-0.0280492
535,-0.0259166
534,-0.0289773
533,-0.0299572
532,-0.0293356
531,-0.0264218
530,-0.0254075
529,-0.0249765
528,-0.025555
527,-0.0244213
526,-0.0260999
525,-0.0262541
524,-0.0270677
523,-0.0288726
522,-0.0256157
521,-0.0253294
520,-0.0246457
519,-0.0269262
518,-0.020637
517,-0.0225307
516,-0.0239453
515,-0.0224343
514,-0.0194356
513,-0.0230152
512,-0.0238326
511,-0.0229826
510,-0.0217316
509,-0.0200978
508,-0.0224103
507,-0.0210831
506,-0.0210363
505,-0.0217244
504,-0.0250923
503,-0.018666
502,-0.020103
501,-0.0201851
500,-0.0166264
499,-0.0151135
498,-0.0150937
497,-0.0125473
496,-0.0136244
495,-0.01244
494,-0.0136817
493,-0.018813
492,-0.0131188
491,-0.0162492
490,-0.0176911
489,-0.0118137
488,-0.0113554
487,-0.00984459
486,-0.0100989
485,-0.0109768
484,-0.00972164
483,-0.0115364
482,-0.0131265
481,-0.00988295
480,-0.00737768
479,-0.0058887
478,-0.00357187
477,-0.00473627
476,-0.000992757
475,-0.00513874
474,-0.0104646
473,-0.00206997
472,-0.0018799
471,0.000243704
470,0.00272132
469,-0.00148515
468,-0.00691724
467,0.000975793
466,0.00232723
465,0.00423378
464,0.00450885
463,-0.00132964
462,0.00320081
461,0.00331789
460,0.00356336
459,0.00380114
458,0.00483716
457,0.0040051
456,0.00527499
455,0.00701389
454,0.00327924
453,0.00275048
452,0.0102375
451,0.00298351
450,0.00403452
449,0.00455375
448,0.0093507
447,0.0142866
446,0.00913419
445,0.00749567
444,0.00839347
443,0.00698833
442,0.0126095
441,0.0114939
440,0.0110531
439,0.00993079
438,0.0124747
437,0.0132572
436,0.0129037
435,0.0128262
434,0.0132167
433,0.0134378
432,0.0137835
431,0.0139518
430,0.0147882
429,0.0145329
428,0.0192028
427,0.0206321
426,0.0195318
425,0.020828
424,0.0209892
423,0.0225377
422,0.0214462
421,0.0180755
420,0.0172079
419,0.0198581
418,0.0228934
417,0.0244025
416,0.025497
415,0.025066
414,0.0256348
413,0.0258482
412,0.0274864
411,0.0264079
410,0.0248503
409,0.027853
408,0.027977
407,0.0278059
406,0.0284453
405,0.0286229
404,0.030269
403,0.0313489
402,0.0297513
401,0.0301934
400,0.0278607
399,0.0285562
398,0.0287372
397,0.0330624
396,0.0332483
395,0.0333456
394,0.0326638
393,0.0322923
392,0.0346983
391,0.0335
390,0.0329258
389,0.029407
388,0.0314193
387,0.0353712
386,0.0340643
385,0.0334425
384,0.0334483
383,0.0327973
382,0.0326005
381,0.0354021
380,0.036322
379,0.0363336
378,0.034779
377,0.036654
376,0.0348474
375,0.0352128
374,0.0376154
373,0.0391795
372,0.0384582
371,0.0383996
370,0.0383338
369,0.0382315
368,0.0381364
367,0.0387387
366,0.0380908
365,0.0390332
364,0.0422452
363,0.0423565
362,0.0401856
361,0.0395923
360,0.0417722
359,0.042237
358,0.0427246
357,0.0426376
356,0.0434744
355,0.0413894
354,0.0426916
353,0.0448992
352,0.0441775
351,0.046856
350,0.0469014
349,0.0465641
348,0.0479324
347,0.0487153
346,0.0489174
345,0.0484833
344,0.048845
343,0.050332
342,0.0501723
341,0.0496966
340,0.0529318
339,0.0546521
338,0.0557788
337,0.0550801
336,0.0539905
335,0.0572272
334,0.0565639
333,0.0593364
332,0.0612289
331,0.0614092
330,0.0644983
329,0.0617216
328,0.0644644
327,0.0638943
326,0.0650116
325,0.0691476
324,0.0716335
323,0.0714587
322,0.0723571
321,0.074803
320,0.0760876
319,0.0775061
318,0.0803467
317,0.0831707
316,0.0852812
315,0.0859577
314,0.0864845
313,0.0880601
312,0.091556
311,0.0934441
310,0.0962017
309,0.0985762
308,0.10279
307,0.103658
306,0.105776
305,0.109128
304,0.111366
303,0.113369
302,0.116689
301,0.11946
300,0.118795
299,0.117524
298,0.118247
297,0.123593
296,0.123909
295,0.123999
294,0.124434
293,0.121009
292,0.11752
291,0.117795
290,0.116697
289,0.111913
288,0.111817
287,0.109406
286,0.105992
285,0.10278
284,0.10158
283,0.102282
282,0.102561
281,0.0991237
280,0.0972052
279,0.0959554
278,0.0972943
277,0.098722
276,0.0959747
275,0.09717
274,0.094597
273,0.0963145
272,0.0940828
271,0.0914354
270,0.0923725
269,0.0950919
268,0.0962014
267,0.0965832
266,0.0971899
265,0.0982147
264,0.100229
263,0.100785
262,0.101878
261,0.103338
260,0.106023
259,0.106578
258,0.108139
257,0.111414
256,0.11197
255,0.113837
254,0.115102
253,0.117589
252,0.1198
251,0.121562
250,0.125688
249,0.128523
248,0.128483
247,0.130901
246,0.133873
245,0.136331
244,0.136559
243,0.14084
242,0.144545
241,0.146727
240,0.149835
239,0.155938
238,0.157481
237,0.165212
236,0.167989
235,0.171122
234,0.179033
233,0.185561
232,0.195127
231,0.202798
230,0.209699
229,0.221653
228,0.233059
227,0.243371
226,0.257959
225,0.272985
224,0.289772
223,0.310299
222,0.329045
221,0.349228
220,0.373429
219,0.395384
218,0.421681
217,0.448439
216,0.476767
215,0.506912
214,0.542528
213,0.578806
212,0.615787
211,0.656293
210,0.705145
209,0.75555
208,0.813234
207,0.872895
206,0.936644
205,1.01155
204,1.08963
203,1.16975
202,1.25954
201,1.35034
200,1.44252

600,8.10039
599,8.14625
598,8.24361
597,8.17205
596,8.06018
595,8.12073
594,8.1544
593,8.12453
592,8.11588
591,8.09552
590,8.15594
589,8.21101
588,8.12447
587,8.23685
586,8.13845
585,8.12422
584,8.08634
583,8.1304
582,8.09642
581,8.16993
580,8.10576
579,8.07971
578,8.09159
577,8.08808
576,8.11952
575,8.12681
574,8.11317
573,8.12016
572,8.12344
571,8.20047
570,8.17637
569,8.11133
568,8.14324
567,8.13164
566,8.08465
565,8.08981
564,8.10186
563,8.0798
562,8.08483
561,8.10538
560,8.08396
559,8.18094
558,8.14552
557,8.13448
556,8.1972
555,8.12285
554,8.14441
553,8.13363
552,8.27912
551,8.10015
550,8.12189
549,8.12005
548,8.13474
547,8.26946
546,8.07799
545,8.10486
544,8.12652
543,8.1046
542,8.13342
541,8.10714
540,8.18642
539,8.07239
538,8.14914
537,8.12088
536,8.09057
535,8.10703
534,8.12134
533,8.1385
532,8.08984
531,8.14057
530,8.11189
529,8.13138
528,8.09913
527,8.09829
526,8.08946
525,8.14019
524,8.07662
523,8.09544
522,8.07956
521,8.11444
520,8.0862
519,8.08322
518,8.1798
517,8.11446
516,8.11329
515,8.13841
514,8.1745
513,8.06808
512,8.03188
511,8.1089
510,8.12648
509,8.08164
508,8.06
507,8.09968
506,8.08841
505,8.0721
504,8.05466
503,8.15174
502,8.14239
501,8.12715
500,8.10922
499,8.12816
498,8.1665
497,8.17799
496,8.12011
495,8.06449
494,8.14603
493,7.87945
492,8.0208
491,8.11849
490,8.07741
489,8.21017
488,8.09861
487,8.07105
486,8.09815
485,8.20977
484,8.15769
483,8.10572
482,7.92046
481,7.95875
480,8.01797
479,8.1156
478,8.14017
477,8.16663
476,8.16162
475,8.10015
474,7.81687
473,7.99914
472,8.05539
471,8.12525
470,8.09363
469,8.05761
468,7.97472
467,7.8659
466,8.11992
465,8.12571
464,8.02505
463,7.81101
462,8.00115
461,8.0736
460,8.10624
459,8.05932
458,7.95853
457,7.89636
456,7.98288
455,8.12037
454,8.07218
453,8.03913
452,8.12602
451,8.03914
450,8.02339
449,8.03331
448,8.17969
447,8.1255
446,8.0937
445,8.0957
444,8.13293
443,8.0532
442,8.07646
441,8.07971
440,8.09124
439,8.13993
438,8.06581
437,8.04734
436,8.08733
435,8.05641
434,8.075
433,8.123
432,8.07856
431,8.11145
430,8.11158
429,8.11335
428,8.1034
427,8.11567
426,8.15173
425,8.07675
424,8.11394
423,8.11076
422,8.16812
421,8.12758
420,8.03421
419,8.00174
418,8.04639
417,8.06818
416,8.09038
415,8.26751
414,8.05958
413,8.13163
412,8.0856
411,8.10539
410,8.08437
409,8.0637
408,8.06657
407,8.08601
406,8.03823
405,8.13725
404,8.05602
403,8.07099
402,8.05107
401,8.0755
400,8.06117
399,8.09452
398,8.09567
397,8.05976
396,8.03052
395,8.1376
394,8.10856
393,8.05744
392,7.99269
391,8.09031
390,8.11218
389,8.04381
388,8.03482
387,8.12068
386,8.06594
385,8.17412
384,8.0456
383,8.18259
382,8.11126
381,8.10385
380,8.0283
379,8.16707
378,8.13661
377,8.1272
376,8.14866
375,8.08195
374,8.08823
373,8.14709
372,8.14173
371,8.12757
370,8.05571
369,8.08542
368,8.093
367,8.10152
366,8.15977
365,8.06382
364,8.09698
363,8.02572
362,8.12867
361,8.09198
360,8.06586
359,8.04358
358,8.04562
357,8.06722
356,8.13883
355,8.16156
354,8.09304
353,8.0658
352,8.05434
351,8.01681
350,8.0408
349,8.05112
348,8.04664
347,8.02526
346,8.11808
345,8.16068
344,8.05749
343,8.04741
342,8.062
341,8.07159
340,8.04414
339,8.0734
338,8.04222
337,8.06094
336,8.11609
335,8.03608
334,8.04719
333,8.02329
332,8.0509
331,8.09619
330,8.06447
329,8.11989
328,8.14913
327,8.12977
326,8.05936
325,8.1398
324,8.11004
323,8.12436
322,8.07478
321,8.07084
320,8.10783
319,8.15433
318,8.10134
317,8.11888
316,8.1375
315,8.12901
314,8.08419
313,8.12304
312,8.03796
311,8.01198
310,8.02058
309,8.02869
308,7.99809
307,8.02708
306,8.0455
305,8.05673
304,8.06501
303,8.09361
302,8.07299
301,8.07758
300,8.09785
299,8.09967
298,8.08775
297,8.10638
296,8.1911
295,8.11064
294,8.15448
293,8.11298
292,8.09941
291,8.12916
290,8.05719
289,8.10596
288,8.07997
287,8.08563
286,8.08104
285,8.1066
284,8.0908
283,8.11768
282,8.11616
281,8.13007
280,8.07325
279,8.05156
278,8.03113
277,8.03984
276,8.06063
275,8.00454
274,8.03704
273,8.02904
272,8.0215
271,8.01459
270,7.94172
269,7.94602
268,7.98497
267,7.99435
266,7.97865
265,7.91119
264,7.98213
263,7.98886
262,7.90048
261,7.89842
260,7.91908
259,7.86375
258,7.96262
257,7.97084
256,7.91368
255,7.85301
254,7.84636
253,7.92273
252,8.00694
251,8.04757
250,8.00676
249,8.02375
248,7.99753
247,7.86818
246,8.01548
245,7.89564
244,7.83661
243,7.96526
242,7.91016
241,7.78951
240,7.84069
239,8.02922
238,7.84117
237,7.96643
236,7.86728
235,7.77288
234,7.9376
233,8.01979
232,7.98365
231,8.07371
230,7.88945
229,7.97449
228,7.9337
227,8.03192
226,7.90499
225,7.90984
224,7.78946
223,7.95356
222,8.10283
221,8.00875
220,8.01739
219,8.01756
218,7.91603
217,7.99749
216,7.99351
215,8.03505
214,8.06743
213,8.09871
212,8.01877
211,7.99708
210,8.044
209,8.02945
208,7.85619
207,7.98651
206,7.97289
205,8.03663
204,8.01433
203,8.01106
202,8.0599
201,8.01696
200,7.94044

600,20000
599,20000
598,20000
597,20000
596,20000
595,20000
594,20000
593,20000
592,20000
591,20000
590,20000
589,20000
588,20000
587,20000
586,20000
585,20000
584,20000
583,20000
582,20000
581,20000
580,20000
579,20000
578,20000
577,20000
576,20000
575,20000
574,20000
573,20000
572,20000
571,20000
570,20000
569,20000
568,20000
567,20000
566,20000
565,20000
564,20000
563,20000
562,20000
561,20000
560,20000
559,20000
558,20000
557,20000
556,20000
555,20000
554,20000
553,20000
552,20000
551,20000
550,20000
549,20000
548,20000
547,20000
546,20000
545,20000
544,20000
543,20000
542,20000
541,20000
540,20000
539,20000
538,20000
537,20000
536,20000
535,20000
534,20000
533,20000
532,20000
531,20000
530,20000
529,20000
528,20000
527,20000
526,20000
525,20000
524,20000
523,20000
522,20000
521,20000
520,20000
519,20000
518,20000
517,20000
516,20000
515,20000
514,20000
513,20000
512,20000
511,20000
510,20000
509,20000
508,20000
507,20000
506,20000
505,20000
504,20000
503,20000
502,20000
501,20000
500,20000
499,20000
498,20000
497,20000
496,20000
495,20000
494,20000
493,20000
492,20000
491,20000
490,20000
489,20000
488,20000
487,20000
486,20000
485,20000
484,20000
483,20000
482,20000
481,20000
480,20000
479,20000
478,20000
477,20000
476,20000
475,20000
474,20000
473,20000
472,20000
471,20000
470,20000
469,20000
468,20000
467,20000
466,20000
465,20000
464,20000
463,20000
462,20000
461,20000
460,20000
459,20000
458,20000
457,20000
456,20000
455,20000
454,20000
453,20000
452,20000
451,20000
450,20000
449,20000
448,20000
447,20000
446,20000
445,20000
444,20000
443,20000
442,20000
441,20000
440,20000
439,20000
438,20000
437,20000
436,20000
435,20000
434,20000
433,20000
432,20000
431,20000
430,20000
429,20000
428,20000
427,20000
426,20000
425,20000
424,20000
423,20000
422,20000
421,20000
420,20000
419,20000
418,20000
417,20000
416,20000
415,20000
414,20000
413,20000
412,20000
411,20000
410,20000
409,20000
408,20000
407,20000
406,20000
405,20000
404,20000
403,20000
402,20000
401,20000
400,20000
399,20000
398,20000
397,20000
396,20000
395,20000
394,20000
393,20000
392,20000
391,20000
390,20000
389,20000
388,20000
387,20000
386,20000
385,20000
384,20000
383,20000
382,20000
381,20000
380,20000
379,20000
378,20000
377,20000
376,20000
375,20000
374,20000
373,20000
372,20000
371,20000
370,20000
369,20000
368,20000
367,20000
366,20000
365,20000
364,20000
363,20000
362,20000
361,20000
360,20000
359,20000
358,20000
357,20000
356,20000
355,20000
354,20000
353,20000
352,20000
351,20000
350,20000
349,20000
348,20000
347,20000
346,20000
345,20000
344,20000
343,20000
342,20000
341,20000
340,20000
339,20000
338,20000
337,20000
336,20000
335,20000
334,20000
333,20000
332,20000
331,20000
330,20000
329,20000
328,20000
327,20000
326,20000
325,20000
324,20000
323,20000
322,20000
321,20000
320,20000
319,20000
318,20000
317,20000
316,20000
315,20000
314,20000
313,20000
312,20000
311,20000
310,20000
309,20000
308,20000
307,20000
306,20000
305,20000
304,20000
303,20000
302,20000
301,20000
300,20000
299,20000
298,20000
297,20000
296,20000
295,20000
294,20000
293,20000
292,20000
291,20000
290,20000
289,20000
288,20000
287,20000
286,20000
285,20000
284,20000
283,20000
282,20000
281,20000
280,20000
279,20000
278,20000
277,20000
276,20000
275,20000
274,20000
273,20000
272,20000
271,20000
270,20000
269,20000
268,20000
267,20000
266,20000
265,20000
264,20000
263,20000
262,20000
261,20000
260,20000
259,20000
258,20000
257,20000
256,20000
255,20000
254,20000
253,20000
252,20000
251,20000
250,20000
249,20000
248,20000
247,20000
246,20000
245,20000
244,20000
243,20000
242,20000
241,20000
240,20000
239,20000
238,20000
237,20000
236,20000
235,20000
234,20000
233,20000
232,20000
231,20000
230,20000
229,20000
228,20000
227,20000
226,20000
225,20000
224,20000
223,20000
222,20000
221,20000
220,20000
219,20000
218,20000
217,20000
216,20000
215,20000
214,20000
213,20000
212,20000
211,20000
210,20000
209,20000
208,20000
207,20000
206,20000
205,20000
204,20000
203,20000
202,20000
201,20000
200,20000

600,1.94151
599,1.74697
598,1.72902
597,1.92031
596,1.63921
595,1.50244
594,1.61411
593,1.69182
592,1.69193
591,1.96146
590,1.54672
589,1.67711
588,1.75077
587,1.65375
586,1.48845
585,1.69583
584,1.56239
583,1.42763
582,1.45894
581,1.59583
580,1.54944
579,1.55165
578,1.66902
577,1.51821
576,1.65316
575,1.40462
574,1.35599
573,1.49781
572,1.29259
571,1.46244
570,1.28122
569,1.32982
568,1.27758
567,1.29792
566,1.34264
565,1.11887
564,1.20097
563,1.2486
562,1.23435
561,1.14627
560,1.09872
559,1.26848
558,1.04294
557,1.03302
556,1.08643
555,1.09225
554,1.13239
553,1.04839
552,1.01874
551,1.05865
550,1.01817
549,0.951599
548,0.992241
547,1.04708
546,1.01625
545,0.999148
544,0.867694
543,0.892468
542,0.986388
541,0.807614
540,0.89549
539,0.912673
538,0.86215
537,0.885798
536,0.843234
535,0.947819
534,0.830194
533,0.818262
532,0.763177
531,0.805131
530,0.860066
529,0.793502
528,0.764821
527,0.610772
526,0.74729
525,0.703488
524,0.766731
523,0.705171
522,0.731524
521,0.720047
520,0.792251
519,0.643744
518,0.591731
517,0.665654
516,0.640064
515,0.611328
514,0.660642
513,0.609785
512,0.641843
511,0.65769
510,0.548424
509,0.570282
508,0.573126
507,0.52261
506,0.474881
505,0.523
504,0.551205
503,0.543798
502,0.53785
501,0.510484
500,0.507284
499,0.471495
498,0.473706
497,0.557602
496,0.472076
495,0.482483
494,0.483217
493,0.454224
492,0.483032
491,0.514539
490,0.449683
489,0.454663
488,0.442061
487,0.401987
486,0.384785
485,0.406839
484,0.358732
483,0.345134
482,0.330174
481,0.437844
480,0.348679
479,0.437134
478,0.371766
477,0.426919
476,0.386548
475,0.377296
474,0.343995
473,0.341493
472,0.319485
471,0.310675
470,0.278185
469,0.283713
468,0.302065
467,0.33838
466,0.286424
465,0.297879
464,0.314064
463,0.322796
462,0.302119
461,0.275756
460,0.256858
459,0.313093
458,0.305448
457,0.292081
456,0.320508
455,0.275406
454,0.297382
453,0.263586
452,0.262801
451,0.262288
450,0.279494
449,0.271786
448,0.256133
447,0.251031
446,0.319811
445,0.275792
444,0.262763
443,0.255687
442,0.282372
441,0.254412
440,0.296641
439,0.256564
438,0.265259
437,0.260404
436,0.241719
435,0.21527
434,0.224128
433,0.233616
432,0.265392
431,0.196138
430,0.245966
429,0.230204
428,0.20924
427,0.219881
426,0.214614
425,0.229093
424,0.220206
423,0.213764
422,0.228819
421,0.195799
420,0.210075
419,0.219223
418,0.203707
417,0.180567
416,0.206058
415,0.219351
414,0.172351
413,0.193478
412,0.175886
411,0.212883
410,0.170057
409,0.204194
408,0.180893
407,0.181127
406,0.175487
405,0.178598
404,0.174422
403,0.177495
402,0.168901
401,0.161129
400,0.154329
399,0.17833
398,0.160129
397,0.164739
396,0.196985
395,0.173104
394,0.169501
393,0.154278
392,0.158974
391,0.163661
390,0.163046
389,0.155976
388,0.172
387,0.157392
386,0.157215
385,0.174148
384,0.171573
383,0.151385
382,0.151213
381,0.149597
380,0.16451
379,0.156814
378,0.161268
377,0.147668
376,0.142859
375,0.139993
374,0.144547
373,0.138016
372,0.147362
371,0.151531
370,0.126844
369,0.149003
368,0.131359
367,0.14397
366,0.134814
365,0.14422
364,0.126513
363,0.130273
362,0.130629
361,0.143347
360,0.129896
359,0.141727
358,0.128113
357,0.132455
356,0.130986
355,0.138755
354,0.145129
353,0.143663
352,0.135915
351,0.13433
350,0.119634
349,0.138533
348,0.12681
347,0.131839
346,0.129176
345,0.122345
344,0.133697
343,0.12135
342,0.139641
341,0.13796
340,0.130129
339,0.14185
338,0.131871
337,0.109997
336,0.133833
335,0.131035
334,0.137294
333,0.120673
332,0.136046
331,0.117056
330,0.129134
329,0.13353
328,0.130931
327,0.125343
326,0.131255
325,0.137453
324,0.124284
323,0.115862
322,0.123227
321,0.126819
320,0.117511
319,0.114841
318,0.117953
317,0.127786
316,0.139645
315,0.128202
314,0.137307
313,0.129173
312,0.122925
311,0.122373
310,0.126675
309,0.119921
308,0.114644
307,0.113863
306,0.120631
305,0.121311
304,0.128706
303,0.11649
302,0.123772
301,0.132596
300,0.122466
299,0.111105
298,0.109673
297,0.121717
296,0.117572
295,0.115552
294,0.123677
293,0.111096
292,0.105215
291,0.111896
290,0.125105
289,0.118604
288,0.115684
287,0.117116
286,0.120004
285,0.111973
284,0.124111
283,0.115028
282,0.124987
281,0.101614
280,0.113997
279,0.105609
278,0.108583
277,0.104098
276,0.123095
275,0.110746
274,0.108111
273,0.108494
272,0.106502
271,0.109176
270,0.111245
269,0.108546
268,0.122038
267,0.113666
266,0.111067
265,0.118913
264,0.119572
263,0.132791
262,0.118952
261,0.118132
260,0.122057
259,0.126244
258,0.122368
257,0.109749
256,0.124488
255,0.121089
254,0.11122
253,0.119485
252,0.123011
251,0.118845
250,0.14433
249,0.128412
248,0.131463
247,0.121562
246,0.121784
245,0.122522
244,0.124266
243,0.12334
242,0.134312
241,0.121214
240,0.125977
239,0.142766
238,0.13273
237,0.126234
236,0.149644
235,0.148387
234,0.160637
233,0.137443
232,0.149461
231,0.149416
230,0.164118
229,0.152386
228,0.176699
227,0.151048
226,0.155782
225,0.174448
224,0.188891
223,0.183081
222,0.180158
221,0.164301
220,0.216645
219,0.189207
218,0.203192
217,0.234851
216,0.180704
215,0.213533
214,0.200262
213,0.227786
212,0.221616
211,0.228241
210,0.255005
209,0.277595
208,0.31186
207,0.313846
206,0.340144
205,0.346912
204,0.402906
203,0.402801
202,0.403559
201,0.492464
200,0.488285

600,17.1658
599,17.1658
598,17.1658
597,17.1658
596,17.1658
595,17.1658
594,17.1658
593,17.1658
592,17.216
591,17.1658
590,17.1658
589,17.1658
588,17.1658
587,17.1658
586,17.1658
585,17.1658
584,17.1658
583,17.1658
582,17.1658
581,17.1658
580,17.1658
579,17.1658
578,17.1658
577,17.216
576,17.1658
575,17.216
574,17.1658
573,17.1658
572,17.1658
571,17.216
570,17.1658
569,17.1658
568,17.1658
567,17.1658
566,17.216
565,17.216
564,17.1658
563,17.1658
562,17.216
561,17.216
560,17.1658
559,17.1658
558,17.1658
557,17.216
556,17.1658
555,17.216
554,17.1658
553,17.1658
552,17.1658
551,17.1658
550,17.216
549,17.216
548,17.216
547,17.1658
546,17.216
545,17.216
544,17.1658
543,17.216
542,17.1658
541,17.216
540,17.1658
539,17.216
538,17.216
537,17.216
536,17.216
535,17.216
534,17.216
533,17.216
532,17.216
531,17.216
530,17.216
529,17.216
528,17.216
527,17.216
526,17.216
525,17.216
524,17.216
523,17.1658
522,17.216
521,17.216
520,17.216
519,17.216
518,17.216
517,17.216
516,17.216
515,17.216
514,17.216
513,17.216
512,17.216
511,17.216
510,17.216
509,17.216
508,17.216
507,17.216
506,17.216
505,17.216
504,17.216
503,17.216
502,17.216
501,17.216
500,17.216
499,17.216
498,17.216
497,17.216
496,17.216
495,17.216
494,17.216
493,17.216
492,17.216
491,17.216
490,17.216
489,17.216
488,17.216
487,17.216
486,17.216
485,17.216
484,17.216
483,17.216
482,17.216
481,17.216
480,17.216
479,17.216
478,17.216
477,17.216
476,17.216
475,17.216
474,17.216
473,17.216
472,17.216
471,17.216
470,17.216
469,17.216
468,17.216
467,17.216
466,17.216
465,17.216
464,17.216
463,17.216
462,17.216
461,17.216
460,17.216
459,17.216
458,17.216
457,17.216
456,17.216
455,17.216
454,17.216
453,17.216
452,17.216
451,17.216
450,17.216
449,17.216
448,17.216
447,17.216
446,17.216
445,17.216
444,17.216
443,17.216
442,17.216
441,17.216
440,17.216
439,17.216
438,17.216
437,17.216
436,17.216
435,17.216
434,17.216
433,17.216
432,17.216
431,17.2661
430,17.216
429,17.216
428,17.216
427,17.216
426,17.216
425,17.2661
424,17.2661
423,17.216
422,17.216
421,17.216
420,17.216
419,17.216
418,17.216
417,17.216
416,17.216
415,17.2661
414,17.216
413,17.216
412,17.216
411,17.216
410,17.216
409,17.2661
408,17.216
407,17.216
406,17.216
405,17.216
404,17.216
403,17.216
402,17.216
401,17.2661
400,17.216
399,17.216
398,17.216
397,17.216
396,17.216
395,17.216
394,17.216
393,17.216
392,17.216
391,17.216
390,17.2661
389,17.216
388,17.216
387,17.216
386,17.2661
385,17.216
384,17.216
383,17.2661
382,17.2661
381,17.216
380,17.216
379,17.2661
378,17.2661
377,17.2661
376,17.2661
375,17.216
374,17.216
373,17.216
372,17.2661
371,17.2661
370,17.216
369,17.2661
368,17.2661
367,17.2661
366,17.216
365,17.216
364,17.2661
363,17.2661
362,17.216
361,17.216
360,17.216
359,17.216
358,17.2661
357,17.216
356,17.2661
355,17.216
354,17.2661
353,17.216
352,17.2661
351,17.2661
350,17.216
349,17.216
348,17.2661
347,17.2661
346,17.2661
345,17.2661
344,17.2661
343,17.2661
342,17.2661
341,17.2661
340,17.2661
339,17.2661
338,17.2661
337,17.216
336,17.2661
335,17.2661
334,17.216
333,17.2661
332,17.2661
331,17.2661
330,17.2661
329,17.2661
328,17.2661
327,17.2661
326,17.2661
325,17.216
324,17.2661
323,17.2661
322,17.2661
321,17.216
320,17.2661
319,17.2661
318,17.2661
317,17.2661
316,17.2661
315,17.2661
314,17.2661
313,17.2661
312,17.2661
311,17.2661
310,17.2661
309,17.2661
308,17.2661
307,17.2661
306,17.2661
305,17.2661
304,17.2661
303,17.2661
302,17.2661
301,17.2661
300,17.2661
299,17.2661
298,17.2661
297,17.2661
296,17.2661
295,17.2661
294,17.2661
293,17.2661
292,17.2661
291,17.2661
290,17.2661
289,17.2661
288,17.2661
287,17.2661
286,17.2661
285,17.2661
284,17.2661
283,17.2661
282,17.2661
281,17.2661
280,17.2661
279,17.2661
278,17.2661
277,17.2661
276,17.2661
275,17.2661
274,17.2661
273,17.2661
272,17.2661
271,17.2661
270,17.2661
269,17.2661
268,17.2661
267,17.2661
266,17.2661
265,17.2661
264,17.2661
263,17.2661
262,17.2661
261,17.2661
260,17.2661
259,17.2661
258,17.2661
257,17.2661
256,17.2661
255,17.2661
254,17.2661
253,17.2661
252,17.2661
251,17.2661
250,17.2661
249,17.2661
248,17.2661
247,17.2661
246,17.2661
245,17.2661
244,17.2661
243,17.2661
242,17.2661
241,17.2661
240,17.2661
239,17.2661
238,17.2661
237,17.2661
236,17.2661
235,17.2661
234,17.2661
233,17.2661
232,17.2661
231,17.2661
230,17.2661
229,17.2661
228,17.2661
227,17.2661
226,17.2661
225,17.2661
224,17.2661
223,17.2661
222,17.2661
221,17.2661
220,17.2661
219,17.2661
218,17.2661
217,17.2661
216,17.2661
215,17.2661
214,17.2661
213,17.2661
212,17.2661
211,17.2661
210,17.2661
209,17.2661
208,17.3162
207,17.3162
206,17.2661
205,17.2661
204,17.2661
203,17.2661
202,17.2661
201,17.3162
200,17.2661

