600,-0.780516
599,-0.629968
598,-0.460471
597,0.353096
596,-1.39423
595,0.235466
594,2.51495
593,1.37867
592,-2.85981
591,-0.746521
590,1.89654
589,0.175344
588,0.239818
587,-2.2548
586,-0.947712
585,-2.34261
584,-0.285528
583,0.640581
582,-1.80043
581,0.256436
580,0.35695
579,-0.249865
578,1.13908
577,1.37209
576,0.572028
575,-1.59164
574,0.79326
573,0.220874
572,0.505066
571,-0.139637
570,-2.30966
569,2.18377
568,-0.0485959
567,-1.52347
566,-0.0116778
565,0.397358
564,-1.06521
563,-2.2993
562,-1.47794
561,1.98756
560,-1.08969
559,-1.01324
558,-0.766772
557,-2.27983
556,1.6748
555,-0.285584
554,-1.20954
553,0.712601
552,-0.486102
551,0.0399506
550,-0.542939
549,1.6197
548,0.234612
547,0.612445
546,0.581172
545,0.285159
544,-0.297097
543,-2.75052
542,0.750016
541,0.0443652
540,-1.75482
539,1.00249
538,-0.0737894
537,-1.75434
536,-1.20728
535,-1.18917
534,-0.847833
533,-0.425457
532,-1.71784
531,-2.45198
530,0.100288
529,-0.722875
528,-1.85042
527,0.0993074
526,-1.13631
525,-0.72943
524,-1.10043
523,-0.0624407
522,-0.928128
521,-0.775762
520,-1.90343
519,-1.29177
518,-0.315877
517,-1.17145
516,-1.35621
515,-0.521353
514,-1.45529
513,-0.980197
512,0.443132
511,-1.34524
510,-0.256228
509,-1.57665
508,-1.93742
507,-0.844475
506,-0.360971
505,-0.498088
504,-0.114048
503,-0.564472
502,-1.5395
501,-0.951405
500,-0.841606
499,-0.545219
498,-0.599806
497,-0.708229
496,-1.12172
495,-0.532547
494,-0.731132
493,0.0762443
492,-1.00315
491,-0.242615
490,-1.23959
489,-1.12365
488,-0.868833
487,-1.47049
486,-1.17138
485,-1.68648
484,-0.617218
483,-0.817469
482,-1.03424
481,-0.291822
480,-0.382168
479,-0.663004
478,-0.996403
477,-0.952048
476,-0.752645
475,-0.929189
474,-0.486734
473,-0.330739
472,-0.792569
471,-0.951747
470,-0.82422
469,-0.968416
468,-1.25799
467,-1.30059
466,-1.18833
465,-1.33666
464,-1.3343
463,-1.37265
462,-0.73722
461,-1.54868
460,-0.865885
459,-1.39318
458,-0.75578
457,-0.942572
456,-2.09052
455,-0.996524
454,-0.824316
453,-1.20813
452,-0.965982
451,-1.43637
450,-1.04774
449,-1.00227
448,-1.13341
447,-0.958538
446,-0.878963
445,-0.731931
444,-1.53578
443,-1.02199
442,-1.42906
441,-0.850784
440,-0.894799
439,-1.15245
438,-1.16693
437,-1.22831
436,-1.38235
435,-1.01465
434,-1.27522
433,-0.959862
432,-1.05783
431,-1.37053
430,-1.23171
429,-1.26209
428,-1.15063
427,-1.67721
426,-1.36207
425,-1.07285
424,-1.43125
423,-1.17337
422,-1.39036
421,-1.70972
420,-1.32622
419,-1.65052
418,-1.69365
417,-1.09428
416,-1.42805
415,-1.21186
414,-1.38067
413,-1.60754
412,-1.77938
411,-1.37727
410,-1.28007
409,-1.55453
408,-1.08377
407,-0.86902
406,-2.11296
405,-1.46499
404,-1.87434
403,-1.71671
402,-2.31823
401,-1.64282
400,-1.73787
399,-1.9351
398,-2.22521
397,-2.01789
396,-2.51179
395,-2.26187
394,-2.74789
393,-2.63877
392,-2.59985
391,-2.75224
390,-2.94456
389,-2.96773
388,-2.817
387,-3.37452
386,-3.48654
385,-3.70796
384,-4.2995
383,-4.38993
382,-4.57579
381,-5.11031
380,-5.40783
379,-5.70214
378,-6.41043
377,-6.94516
376,-6.89498
375,-7.70998
374,-7.86752
373,-8.36827
372,-9.11911
371,-9.96923
370,-10.6056
369,-11.0334
368,-11.8822
367,-12.3261
366,-13.5147
365,-14.1375
364,-15.3411
363,-15.9131
362,-17.0206
361,-18.3519
360,-19.2077
359,-20.4624
358,-21.3125
357,-22.5092
356,-23.6108
355,-24.8166
354,-25.957
353,-27.2408
352,-28.2713
351,-29.4684
350,-30.223
349,-31.9286
348,-32.939
347,-33.9743
346,-34.9498
345,-35.3292
344,-37.1736
343,-38.1529
342,-39.0644
341,-39.8037
340,-40.1031
339,-41.121
338,-41.3429
337,-41.9936
336,-42.0351
335,-42.0083
334,-41.9879
333,-41.5647
332,-42.2763
331,-41.7726
330,-41.1444
329,-40.9044
328,-39.9108
327,-39.1354
326,-38.9943
325,-37.8479
324,-36.4171
323,-36.1799
322,-34.4348
321,-32.9651
320,-32.9723
319,-29.7984
318,-28.5382
317,-27.2025
316,-25.5976
315,-23.5599
314,-22.7804
313,-21.3171
312,-20.5076
311,-20.142
310,-16.0821
309,-16.7633
308,-17.2371
307,-17.1383
306,-18.2545
305,-16.6264
304,-17.5943
303,-19.9739
302,-23.2497
301,-26.3265
300,-26.0473
299,-31.175
298,-30.6573
297,-35.6004
296,-37.5475
295,-41.6012
294,-39.4566
293,-41.194
292,-43.5574
291,-44.0799
290,-43.0567
289,-44.8576
288,-46.0617
287,-44.3097
286,-45.2292
285,-43.9216
284,-43.1056
283,-42.5591
282,-40.2963
281,-40.5336
280,-38.8398
279,-36.8794
278,-34.4052
277,-32.4674
276,-31.6056
275,-28.5101
274,-26.3257
273,-24.0122
272,-23.0201
271,-19.7511
270,-17.2127
269,-14.8549
268,-11.9354
267,-10.7626
266,-8.04365
265,-6.17783
264,-4.58993
263,-2.9983
262,-1.44251
261,0.211391
260,0.894938
259,1.92135
258,1.7803
257,2.07903
256,2.43271
255,1.71357
254,1.7028
253,1.83942
252,1.41969
251,1.57364
250,-1.35777
249,-0.669834
248,-1.67144
247,-2.13429
246,-3.56231
245,-4.49527
244,-4.8911
243,-3.98058
242,-6.35913
241,-7.43667
240,-8.94064
239,-14.5513
238,-15.6267
237,-19.5133
236,-24.9357
235,-27.2688
234,-30.9631
233,-31.3231
232,-37.3242
231,-25.8304
230,-20.1346
229,-18.8605
228,-7.45872
227,2.89743
226,2.38622
225,13.2415
224,15.0201
223,19.2358
222,29.7803
221,22.9099
220,5.99415
219,8.4035
218,16.1668
217,6.24816
216,-2.52209
215,-8.05565
214,8.92883
213,-45.8389
212,33.092
211,45.5185
210,33.6426
209,16.8319
208,132.948
207,4.67729
206,101.515
205,51.7961
204,-105.094
203,66.5352
202,14.3671
201,9.21912
200,-70.4601

600,768.417
599,766.693
598,764.618
597,762.009
596,755.661
595,753.555
594,749.863
593,748.413
592,741.058
591,738.998
590,736.13
589,734.283
588,732.269
587,727.707
586,724.808
585,723.099
584,721.588
583,716.156
582,714.447
581,714.325
580,710.754
579,708.786
578,703.506
577,699.448
576,697.906
575,696.869
574,696.136
573,689.56
572,689.56
571,685.486
570,681.488
569,680.206
568,674.393
567,674.393
566,667.679
565,665.71
564,662.537
563,655.853
562,655.823
561,651.428
560,645.447
559,644.089
558,641.281
557,635.391
556,635.361
555,626.953
554,625.641
553,622.162
552,620.529
551,619.247
550,615.189
549,613.754
548,607.025
547,606.75
546,601.578
545,598.175
544,598.175
543,594.482
542,591.309
541,588.181
540,586.761
539,582.016
538,578.598
537,577.56
536,572.815
535,571.35
534,570.572
533,566.193
532,563.156
531,560.547
530,556.915
529,555.145
528,552.032
527,548.615
526,548.431
525,545.761
524,540.833
523,538.559
522,536.27
521,533.157
520,530.396
519,528.915
518,527.206
517,524.521
516,521.332
515,519.608
514,516.296
513,513.855
512,512.634
511,510.345
510,508.56
509,503.311
508,501.297
507,499.298
506,496.262
505,495.85
504,493.439
503,491.287
502,488.266
501,485.87
500,482.956
499,480.804
498,476.913
497,472.214
496,466.553
495,457.611
494,455.368
493,460.007
492,461.945
491,461.945
490,459.427
489,457.199
488,453.171
487,448.395
486,444.29
485,438.782
484,434.952
483,432.175
482,435.272
481,438.812
480,438.812
479,437.851
478,433.609
477,429.138
476,416.428
475,409.317
474,412.109
473,412.109
472,406.036
471,398.544
470,390.915
469,390.915
468,400.94
467,404.007
466,402.13
465,397.491
464,397.491
463,400.833
462,402.359
461,401.901
460,399.551
459,399.46
458,399.46
457,399.46
456,399.46
455,396.5
454,390.778
453,389.542
452,382.599
451,382.568
450,391.586
449,391.586
448,390.518
447,389.511
446,387.375
445,385.605
444,384.277
443,383.514
442,381.607
441,378.876
440,376.938
439,375.946
438,375.946
437,375.412
436,374.664
435,374.542
434,371.368
433,370.102
432,370.102
431,367.661
430,366.241
429,364.792
428,363.144
427,362.167
426,360.87
425,358.871
424,357.529
423,355.927
422,352.89
421,350.922
420,350.769
419,350.677
418,350.266
417,349.625
416,347.87
415,347.87
414,344.681
413,343.796
412,343.796
411,342.743
410,341.324
409,341.324
408,340.561
407,339.706
406,338.928
405,338.837
404,337.692
403,336.792
402,335.419
401,333.725
400,332.245
399,330.475
398,329.895
397,329.895
396,329.895
395,329.895
394,329.895
393,329.895
392,329.895
391,329.895
390,329.895
389,329.895
388,329.895
387,329.895
386,328.506
385,327.591
384,326.965
383,326.004
382,325.851
381,325.378
380,324.799
379,324.799
378,323.608
377,323.608
376,323.09
375,322.189
374,322.189
373,321.716
372,321.411
371,321.411
370,321.03
369,320.862
368,320.709
367,320.709
366,320.709
365,320.709
364,320.831
363,320.831
362,321.259
361,321.259
360,323.212
359,323.212
358,324.295
357,324.295
356,324.295
355,326.385
354,326.385
353,327.362
352,328.445
351,329.681
350,331.238
349,331.787
348,333.679
347,335.495
346,336.304
345,336.99
344,339.34
343,340.393
342,341.583
341,342.163
340,344.284
339,346.191
338,347.305
337,349.899
336,352.493
335,353.592
334,356.537
333,359.024
332,362.457
331,363.251
330,368.744
329,371.078
328,374.939
327,378.159
326,383.163
325,386.963
324,392.029
323,395.874
322,404.388
321,409.576
320,414.902
319,421.738
318,430.252
317,436.966
316,446.777
315,455.261
314,464.233
313,475.082
312,486.206
311,499.115
310,510.208
309,524.2
308,540.176
307,556.458
306,571.228
305,587.036
304,604.904
303,619.522
302,635.986
301,650.269
300,661.804
299,671.234
298,677.917
297,679.779
296,679.779
295,677.795
294,668.61
293,655.243
292,638.718
291,622.818
290,608.307
289,589.828
288,570.526
287,553.055
286,536.865
285,520.905
284,506.653
283,493.774
282,482.819
281,472.58
280,463.394
279,455.566
278,448.959
277,443.481
276,438.354
275,434.83
274,431.976
273,429.428
272,427.643
271,426.727
270,426.727
269,426.727
268,426.727
267,429.779
266,432.495
265,435.776
264,439.087
263,443.832
262,449.356
261,452.377
260,459.854
259,466.446
258,471.39
257,479.279
256,485.977
255,493.286
254,501.724
253,509.842
252,518.707
251,527.283
250,537.262
249,547.287
248,556.015
247,567.459
246,578.506
245,588.272
244,599.701
243,611.099
242,622.223
241,634.293
240,646.545
239,658.432
238,676.392
237,691.101
236,707.809
235,726.379
234,747.192
233,770.111
232,794.006
231,824.432
230,852.493
229,884.308
228,932.846
227,979.66
226,999.985
225,999.985
224,999.985
223,999.985
222,999.985
221,999.985
220,999.985
219,999.985
218,999.985
217,999.985
216,999.985
215,999.985
214,999.985
213,999.985
212,999.985
211,999.985
210,999.985
209,999.985
208,999.985
207,999.985
206,999.985
205,999.985
204,999.985
203,999.985
202,999.985
201,999.985
200,999.985

600,0.00410715
599,0.00670663
598,0.00851748
597,0.0145975
596,0.0215008
595,0.0215587
594,0.0185887
593,0.0180388
592,0.023529
591,0.0256766
590,0.0239081
589,0.0236657
588,0.0258082
587,0.0226097
586,0.0227732
585,0.025535
584,0.0243447
583,0.0259387
582,0.0307777
581,0.0342573
580,0.0360495
579,0.0380885
578,0.0366889
577,0.0391767
576,0.0393995
575,0.0418335
574,0.0401963
573,0.0412218
572,0.0421971
571,0.0395204
570,0.0444281
569,0.0455805
568,0.041599
567,0.042836
566,0.039214
565,0.0386888
564,0.0401083
563,0.0399802
562,0.0384949
561,0.0345869
560,0.0321534
559,0.0309101
558,0.0311309
557,0.0274466
556,0.028231
555,0.0263193
554,0.0278934
553,0.0267021
552,0.0251975
551,0.0269856
550,0.0283999
549,0.0293312
548,0.0310554
547,0.0330213
546,0.0297538
545,0.031203
544,0.0329385
543,0.0326871
542,0.0364318
541,0.0379426
540,0.0356861
539,0.0401807
538,0.0413475
537,0.0419116
536,0.0427584
535,0.0468047
534,0.0440784
533,0.0440152
532,0.0444313
531,0.0487937
530,0.0482479
529,0.0515375
528,0.0514829
527,0.0539156
526,0.0559858
525,0.055208
524,0.0554367
523,0.0552612
522,0.058897
521,0.0601128
520,0.061504
519,0.0605542
518,0.0629157
517,0.0649404
516,0.0667095
515,0.0671223
514,0.0717221
513,0.0711991
512,0.0726359
511,0.0720241
510,0.0742987
509,0.0772042
508,0.0771091
507,0.0780331
506,0.079329
505,0.0819149
504,0.0798119
503,0.0824005
502,0.084114
501,0.0862802
500,0.090228
499,0.0947107
498,0.094281
497,0.0948737
496,0.0944294
495,0.0996102
494,0.0996246
493,0.0976599
492,0.101786
491,0.0985377
490,0.0986237
489,0.103904
488,0.105855
487,0.105507
486,0.108279
485,0.105668
484,0.106773
483,0.105813
482,0.104793
481,0.110823
480,0.111527
479,0.110379
478,0.113308
477,0.11806
476,0.121799
475,0.119071
474,0.110027
473,0.121127
472,0.123788
471,0.1222
470,0.12785
469,0.125775
468,0.121911
467,0.126679
466,0.127049
465,0.131151
464,0.129565
463,0.129717
462,0.13432
461,0.133834
460,0.13579
459,0.136702
458,0.139557
457,0.140156
456,0.141393
455,0.139597
454,0.141685
453,0.141047
452,0.147914
451,0.141659
450,0.141627
449,0.144802
448,0.150741
447,0.154188
446,0.150794
445,0.15298
444,0.152526
443,0.154186
442,0.157634
441,0.15763
440,0.159078
439,0.158171
438,0.159983
437,0.162557
436,0.164559
435,0.168579
434,0.167721
433,0.168676
432,0.173365
431,0.173866
430,0.175352
429,0.176376
428,0.181544
427,0.181549
426,0.181808
425,0.183497
424,0.183213
423,0.186528
422,0.18961
421,0.190074
420,0.186833
419,0.191491
418,0.196714
417,0.198309
416,0.202089
415,0.203573
414,0.203448
413,0.204492
412,0.207991
411,0.208139
410,0.207654
409,0.211627
408,0.213425
407,0.216206
406,0.218374
405,0.219375
404,0.22076
403,0.222026
402,0.225476
401,0.228285
400,0.227715
399,0.227282
398,0.228742
397,0.232675
396,0.233868
395,0.236656
394,0.238793
393,0.240488
392,0.244679
391,0.246605
390,0.249057
389,0.247558
388,0.250271
387,0.255711
386,0.25719
385,0.257144
384,0.260264
383,0.263494
382,0.265554
381,0.269761
380,0.273118
379,0.277171
378,0.278843
377,0.281139
376,0.286371
375,0.290329
374,0.293239
373,0.300489
372,0.302317
371,0.307868
370,0.312066
369,0.316054
368,0.323315
367,0.329644
366,0.331793
365,0.33757
364,0.344973
363,0.348901
362,0.356187
361,0.362179
360,0.371019
359,0.378374
358,0.389888
357,0.395677
356,0.404033
355,0.411937
354,0.421852
353,0.434705
352,0.44166
351,0.453864
350,0.467229
349,0.475984
348,0.490368
347,0.505575
346,0.518356
345,0.529183
344,0.54392
343,0.562172
342,0.576389
341,0.592801
340,0.613504
339,0.631541
338,0.65108
337,0.671035
336,0.691014
335,0.714363
334,0.737375
333,0.76379
332,0.790001
331,0.812931
330,0.84552
329,0.876117
328,0.909513
327,0.942073
326,0.978866
325,1.01899
324,1.06133
323,1.10192
322,1.15056
321,1.19775
320,1.24058
319,1.29175
318,1.34852
317,1.40285
316,1.46382
315,1.52487
314,1.58893
313,1.65759
312,1.72625
311,1.80083
310,1.87207
309,1.95208
308,2.03641
307,2.12051
306,2.20217
305,2.2852
304,2.36713
303,2.44544
302,2.5203
301,2.58582
300,2.64057
299,2.68417
298,2.71561
297,2.73235
296,2.7353
295,2.72237
294,2.68596
293,2.63449
292,2.56987
291,2.50037
290,2.42675
289,2.33689
288,2.24602
287,2.15951
286,2.07282
285,1.99112
284,1.91239
283,1.84268
282,1.77746
281,1.71701
280,1.6608
279,1.61306
278,1.57175
277,1.53613
276,1.50256
275,1.4789
274,1.45922
273,1.4417
272,1.4284
271,1.42097
270,1.41855
269,1.421
268,1.42552
267,1.43616
266,1.44745
265,1.46551
264,1.48165
263,1.5033
262,1.52895
261,1.55396
260,1.58799
259,1.61656
258,1.64723
257,1.6862
256,1.72515
255,1.76622
254,1.81053
253,1.85455
252,1.90093
251,1.94788
250,1.99612
249,2.04736
248,2.09531
247,2.14744
246,2.1984
245,2.24617
244,2.29765
243,2.34715
242,2.3975
241,2.44973
240,2.49651
239,2.54973
238,2.60762
237,2.66585
236,2.72774
235,2.79554
234,2.86913
233,2.94897
232,3.0345
231,3.13058
230,3.22632
229,3.3247
228,3.45617
227,3.6044
226,3.68926
225,3.77356
224,3.92964
223,4.06859
222,4.20703
221,4.35442
220,4.51409
219,4.68945
218,4.87381
217,5.07389
216,5.29349
215,5.52973
214,5.7831
213,6.02758
212,6.22984
211,6.37292
210,6.44208
209,6.46599
208,6.47628
207,6.46784
206,6.46125
205,6.44806
204,6.42942
203,6.41088
202,6.3902
201,6.37002
200,6.35351

600,8.01003
599,8.10391
598,8.08848
597,8.0844
596,8.06238
595,8.13712
594,8.10323
593,8.12682
592,8.12847
591,8.13243
590,8.09664
589,8.11269
588,8.12255
587,8.13079
586,8.08533
585,8.07965
584,8.09626
583,8.09377
582,8.105
581,8.21759
580,8.07286
579,8.12184
578,8.09678
577,8.0817
576,8.09032
575,8.11443
574,8.16408
573,8.1005
572,8.20038
571,8.05861
570,8.0996
569,8.28452
568,8.08742
567,8.18448
566,8.15449
565,8.14415
564,8.04801
563,8.10973
562,8.21203
561,8.10278
560,8.08116
559,8.12865
558,8.10482
557,8.11252
556,8.16184
555,8.10332
554,8.08251
553,8.06381
552,8.11891
551,8.10153
550,8.13681
549,8.12477
548,8.10015
547,8.19287
546,8.12694
545,8.11321
544,8.18823
543,8.11409
542,8.11901
541,8.11569
540,8.12698
539,8.08175
538,8.08154
537,8.03834
536,8.08621
535,8.12019
534,8.11985
533,8.07881
532,8.08434
531,8.11292
530,8.04757
529,8.14605
528,8.13505
527,8.05516
526,8.09451
525,8.12908
524,8.10661
523,8.1409
522,8.14533
521,8.10154
520,8.0559
519,8.11036
518,8.12594
517,8.12384
516,8.05904
515,8.12295
514,8.11361
513,8.0568
512,8.13069
511,8.11483
510,8.11964
509,8.07339
508,8.12048
507,8.15202
506,8.09336
505,8.19041
504,8.12987
503,8.09232
502,8.13969
501,8.08529
500,8.13878
499,8.11496
498,8.15904
497,8.12688
496,8.10887
495,8.07975
494,8.08876
493,8.00919
492,7.95268
491,8.11221
490,8.10263
489,8.06009
488,8.07624
487,8.14292
486,8.294
485,8.1303
484,8.10618
483,8.09954
482,7.96119
481,7.94753
480,8.03994
479,8.09876
478,8.05903
477,8.10804
476,8.08899
475,8.13018
474,7.91157
473,7.90143
472,8.15536
471,8.16179
470,8.08204
469,8.00669
468,7.97715
467,7.91926
466,8.16009
465,8.0715
464,8.00575
463,7.92086
462,7.94673
461,8.05366
460,8.08809
459,8.16631
458,8.03048
457,7.94154
456,8.02067
455,8.11268
454,8.10667
453,8.1104
452,8.10386
451,7.99459
450,8.04551
449,8.028
448,8.03533
447,8.09026
446,8.06683
445,8.07428
444,8.08813
443,8.11324
442,8.08797
441,8.06799
440,8.11327
439,8.04001
438,8.03211
437,8.06169
436,8.07277
435,8.25308
434,8.05848
433,8.08186
432,8.22064
431,8.10099
430,8.10792
429,8.08859
428,8.05022
427,8.14013
426,8.13074
425,8.08259
424,8.1157
423,8.1276
422,8.09242
421,8.16625
420,8.09833
419,8.01458
418,8.06198
417,8.10322
416,8.07007
415,8.23832
414,8.0879
413,8.11043
412,8.14358
411,8.13355
410,8.05377
409,8.1193
408,8.10669
407,8.09047
406,8.07634
405,8.14582
404,8.09472
403,8.15266
402,8.08762
401,8.07172
400,8.06782
399,8.08212
398,8.06091
397,8.0324
396,7.98995
395,8.04649
394,7.9659
393,8.07417
392,7.97642
391,8.01598
390,8.03973
389,8.08529
388,8.06324
387,8.1969
386,8.09454
385,8.04271
384,8.09605
383,8.05721
382,8.11967
381,8.1144
380,8.08037
379,8.17142
378,8.07328
377,8.09714
376,8.11038
375,8.04859
374,8.11167
373,8.08007
372,8.10977
371,8.04409
370,8.04115
369,8.0617
368,8.01631
367,7.96091
366,7.96668
365,7.99966
364,7.97542
363,7.91287
362,7.91093
361,7.87122
360,8.04176
359,7.95427
358,8.02218
357,7.93562
356,7.90458
355,8.08198
354,7.92876
353,7.88641
352,7.94959
351,7.93518
350,7.96223
349,7.89867
348,7.98223
347,7.98177
346,7.96923
345,7.91178
344,8.01583
343,7.96786
342,7.94997
341,7.87748
340,7.87744
339,7.93666
338,7.88735
337,7.9519
336,8.03105
335,7.90596
334,7.91868
333,7.95209
332,8.03405
331,7.77838
330,8.07933
329,7.91298
328,7.95768
327,7.88985
326,7.97484
325,7.91282
324,7.98594
323,7.83871
322,8.06139
321,7.9498
320,7.90941
319,7.90167
318,8.00375
317,7.89056
316,8.02548
315,7.96526
314,7.93611
313,7.95827
312,7.89618
311,7.94951
310,7.85833
309,7.86462
308,7.9425
307,8.00596
306,7.94258
305,7.92753
304,8.05075
303,7.93428
302,7.98056
301,8.00185
300,7.98236
299,7.95157
298,7.93828
297,7.89199
296,7.92633
295,8.08269
294,8.11995
293,8.06524
292,8.08996
291,8.07336
290,8.1116
289,8.12224
288,8.0797
287,8.0815
286,8.10507
285,8.05084
284,8.04642
283,8.05247
282,8.09712
281,8.08006
280,8.06834
279,8.06665
278,8.06068
277,8.10403
276,8.0782
275,8.07781
274,8.07775
273,8.11229
272,8.08832
271,8.05609
270,8.04473
269,7.97299
268,7.85467
267,7.9543
266,7.97583
265,7.94544
264,7.93054
263,7.96186
262,8.02036
261,7.79336
260,7.92049
259,8.01729
258,7.89548
257,7.97304
256,7.94126
255,7.94571
254,7.95994
253,7.98333
252,7.99357
251,7.94933
250,8.00514
249,8.02609
248,7.95134
247,7.98082
246,8.01643
245,7.94531
244,7.95713
243,7.99992
242,7.96096
241,7.93067
240,7.96715
239,7.82991
238,8.02134
237,7.98144
236,7.95631
235,7.96901
234,7.98913
233,7.99721
232,7.92376
231,7.97857
230,7.92488
229,7.93764
228,8.24975
227,7.99488
226,7.47889
225,6.09446
224,4.21466
223,3.04637
222,2.20215
221,1.56594
220,1.08089
219,0.715772
218,0.466667
217,0.294307
216,0.176702
215,0.10196
214,0.0573815
213,0.0327001
212,0.0206015
211,0.0148117
210,0.0127114
209,0.0120535
208,0.0118191
207,0.0121463
206,0.0124602
205,0.0130329
204,0.0139094
203,0.0147869
202,0.0159077
201,0.016984
200,0.0181727

600,20000
599,20000
598,20000
597,20000
596,20000
595,20000
594,20000
593,20000
592,20000
591,20000
590,20000
589,20000
588,20000
587,20000
586,20000
585,20000
584,20000
583,20000
582,20000
581,20000
580,20000
579,20000
578,20000
577,20000
576,20000
575,20000
574,20000
573,20000
572,20000
571,20000
570,20000
569,20000
568,20000
567,20000
566,20000
565,20000
564,20000
563,20000
562,20000
561,20000
560,20000
559,20000
558,20000
557,20000
556,20000
555,20000
554,20000
553,20000
552,20000
551,20000
550,20000
549,20000
548,20000
547,20000
546,20000
545,20000
544,20000
543,20000
542,20000
541,20000
540,20000
539,20000
538,20000
537,20000
536,20000
535,20000
534,20000
533,20000
532,20000
531,20000
530,20000
529,20000
528,20000
527,20000
526,20000
525,20000
524,20000
523,20000
522,20000
521,20000
520,20000
519,20000
518,20000
517,20000
516,20000
515,20000
514,20000
513,20000
512,20000
511,20000
510,20000
509,20000
508,20000
507,20000
506,20000
505,20000
504,20000
503,20000
502,20000
501,20000
500,20000
499,20000
498,20000
497,20000
496,20000
495,20000
494,20000
493,20000
492,20000
491,20000
490,20000
489,20000
488,20000
487,20000
486,20000
485,20000
484,20000
483,20000
482,20000
481,20000
480,20000
479,20000
478,20000
477,20000
476,20000
475,20000
474,20000
473,20000
472,20000
471,20000
470,20000
469,20000
468,20000
467,20000
466,20000
465,20000
464,20000
463,20000
462,20000
461,20000
460,20000
459,20000
458,20000
457,20000
456,20000
455,20000
454,20000
453,20000
452,20000
451,20000
450,20000
449,20000
448,20000
447,20000
446,20000
445,20000
444,20000
443,20000
442,20000
441,20000
440,20000
439,20000
438,20000
437,20000
436,20000
435,20000
434,20000
433,20000
432,20000
431,20000
430,20000
429,20000
428,20000
427,20000
426,20000
425,20000
424,20000
423,20000
422,20000
421,20000
420,20000
419,20000
418,20000
417,20000
416,20000
415,20000
414,20000
413,20000
412,20000
411,20000
410,20000
409,20000
408,20000
407,20000
406,20000
405,20000
404,20000
403,20000
402,20000
401,20000
400,20000
399,20000
398,20000
397,20000
396,20000
395,20000
394,20000
393,20000
392,20000
391,20000
390,20000
389,20000
388,20000
387,20000
386,20000
385,20000
384,20000
383,20000
382,20000
381,20000
380,20000
379,20000
378,20000
377,20000
376,20000
375,20000
374,20000
373,20000
372,20000
371,20000
370,20000
369,20000
368,20000
367,20000
366,20000
365,20000
364,20000
363,20000
362,20000
361,20000
360,20000
359,20000
358,20000
357,20000
356,20000
355,20000
354,20000
353,20000
352,20000
351,20000
350,20000
349,20000
348,20000
347,20000
346,20000
345,20000
344,20000
343,20000
342,20000
341,20000
340,20000
339,20000
338,20000
337,20000
336,20000
335,20000
334,20000
333,20000
332,20000
331,20000
330,20000
329,20000
328,20000
327,20000
326,20000
325,20000
324,20000
323,20000
322,20000
321,20000
320,20000
319,20000
318,20000
317,20000
316,20000
315,20000
314,20000
313,20000
312,20000
311,20000
310,20000
309,20000
308,20000
307,20000
306,20000
305,20000
304,20000
303,20000
302,20000
301,20000
300,20000
299,20000
298,20000
297,20000
296,20000
295,20000
294,20000
293,20000
292,20000
291,20000
290,20000
289,20000
288,20000
287,20000
286,20000
285,20000
284,20000
283,20000
282,20000
281,20000
280,20000
279,20000
278,20000
277,20000
276,20000
275,20000
274,20000
273,20000
272,20000
271,20000
270,20000
269,20000
268,20000
267,20000
266,20000
265,20000
264,20000
263,20000
262,20000
261,20000
260,20000
259,20000
258,20000
257,20000
256,20000
255,20000
254,20000
253,20000
252,20000
251,20000
250,20000
249,20000
248,20000
247,20000
246,20000
245,20000
244,20000
243,20000
242,20000
241,20000
240,20000
239,20000
238,20000
237,20000
236,20000
235,20000
234,20000
233,20000
232,20000
231,20000
230,20000
229,20000
228,20000
227,20000
226,20000
225,20000
224,20000
223,20000
222,20000
221,20000
220,20000
219,20000
218,20000
217,20000
216,20000
215,20000
214,20000
213,20000
212,20000
211,20000
210,20000
209,20000
208,20000
207,20000
206,20000
205,20000
204,20000
203,20000
202,20000
201,20000
200,20000

600,2.00696
599,1.82429
598,1.6978
597,1.84034
596,1.95063
595,1.73879
594,1.97864
593,1.90256
592,1.78318
591,1.57812
590,1.73638
589,1.90042
588,1.67318
587,1.55034
586,1.48863
585,1.31648
584,1.60474
583,1.53662
582,1.60441
581,1.74805
580,1.68865
579,1.47376
578,1.63438
577,1.63643
576,1.41588
575,1.35075
574,1.53075
573,1.64451
572,1.3709
571,1.41291
570,1.4817
569,1.58996
568,1.24094
567,1.33989
566,1.1946
565,1.25991
564,1.25465
563,1.30513
562,1.28699
561,1.26081
560,1.23551
559,1.29004
558,1.05166
557,1.27281
556,1.11023
555,1.03486
554,1.03634
553,1.10904
552,1.08194
551,1.22603
550,1.24107
549,0.960118
548,1.10958
547,1.03009
546,0.965576
545,1.03712
544,1.0303
543,1.04436
542,0.924541
541,0.985067
540,0.916006
539,0.857732
538,0.796318
537,0.945268
536,0.903213
535,0.998777
534,0.835589
533,0.853868
532,0.827781
531,0.746513
530,0.898655
529,0.735193
528,0.815144
527,0.763302
526,0.759957
525,0.742981
524,0.805106
523,0.797558
522,0.699446
521,0.822079
520,0.688091
519,0.822459
518,0.668174
517,0.696314
516,0.69937
515,0.713189
514,0.663286
513,0.650832
512,0.628507
511,0.748571
510,0.756175
509,0.629727
508,0.599452
507,0.606337
506,0.678475
505,0.646092
504,0.583853
503,0.611885
502,0.596954
501,0.538935
500,0.625945
499,0.586934
498,0.578463
497,0.520066
496,0.515063
495,0.444359
494,0.51101
493,0.531045
492,0.506302
491,0.544631
490,0.501371
489,0.464105
488,0.497535
487,0.452377
486,0.433451
485,0.409681
484,0.381153
483,0.438253
482,0.499426
481,0.418915
480,0.407207
479,0.436685
478,0.446017
477,0.402537
476,0.363848
475,0.400546
474,0.354554
473,0.356064
472,0.340375
471,0.355844
470,0.353709
469,0.320934
468,0.360061
467,0.376999
466,0.334019
465,0.322472
464,0.377816
463,0.357645
462,0.305275
461,0.367369
460,0.35097
459,0.316359
458,0.362609
457,0.333678
456,0.360976
455,0.290408
454,0.323125
453,0.348832
452,0.292758
451,0.256588
450,0.354036
449,0.299424
448,0.36633
447,0.324081
446,0.278054
445,0.287958
444,0.289352
443,0.26264
442,0.295778
441,0.305806
440,0.34593
439,0.25193
438,0.359378
437,0.268791
436,0.283313
435,0.266455
434,0.272708
433,0.270852
432,0.261041
431,0.263439
430,0.299325
429,0.289762
428,0.262577
427,0.234483
426,0.231206
425,0.254827
424,0.241104
423,0.249189
422,0.261833
421,0.217243
420,0.246911
419,0.247623
418,0.22856
417,0.233736
416,0.209525
415,0.214466
414,0.230245
413,0.218947
412,0.233568
411,0.227865
410,0.228556
409,0.226609
408,0.200686
407,0.223849
406,0.212775
405,0.220397
404,0.184728
403,0.212048
402,0.226559
401,0.217903
400,0.190445
399,0.217513
398,0.209579
397,0.196446
396,0.212488
395,0.208005
394,0.181259
393,0.189737
392,0.209919
391,0.201496
390,0.218229
389,0.18862
388,0.200925
387,0.194832
386,0.177389
385,0.212938
384,0.190763
383,0.182574
382,0.183434
381,0.177052
380,0.199149
379,0.1818
378,0.180935
377,0.178597
376,0.183949
375,0.197781
374,0.212923
373,0.195244
372,0.168976
371,0.189225
370,0.18735
369,0.182242
368,0.192864
367,0.208552
366,0.186435
365,0.195169
364,0.165817
363,0.168559
362,0.171187
361,0.195024
360,0.194131
359,0.203013
358,0.189116
357,0.194708
356,0.187234
355,0.198211
354,0.202695
353,0.211224
352,0.213185
351,0.212869
350,0.206832
349,0.195794
348,0.206288
347,0.184354
346,0.256374
345,0.21974
344,0.218714
343,0.202171
342,0.202451
341,0.250714
340,0.246589
339,0.233105
338,0.24278
337,0.27254
336,0.235483
335,0.277617
334,0.234907
333,0.228533
332,0.265693
331,0.307957
330,0.254692
329,0.307783
328,0.277774
327,0.312879
326,0.317534
325,0.327046
324,0.319108
323,0.332843
322,0.326902
321,0.382908
320,0.371889
319,0.387675
318,0.406711
317,0.402856
316,0.472951
315,0.448653
314,0.519545
313,0.622335
312,0.599688
311,0.55038
310,0.627514
309,0.732605
308,0.829305
307,0.852915
306,0.890205
305,0.900021
304,0.965689
303,1.01006
302,1.20699
301,1.18437
300,1.41418
299,1.43375
298,1.47492
297,1.27949
296,1.46369
295,1.47402
294,1.38486
293,1.21238
292,1.20738
291,1.20749
290,1.04099
289,1.01611
288,0.942526
287,0.829212
286,0.704453
285,0.732114
284,0.681239
283,0.629018
282,0.520804
281,0.490045
280,0.445409
279,0.495759
278,0.476146
277,0.474193
276,0.462401
275,0.40646
274,0.453213
273,0.425208
272,0.434557
271,0.406974
270,0.386983
269,0.394201
268,0.398953
267,0.455162
266,0.417387
265,0.430764
264,0.459158
263,0.467123
262,0.484737
261,0.461955
260,0.520718
259,0.572258
258,0.517524
257,0.587108
256,0.613603
255,0.605767
254,0.64716
253,0.64989
252,0.665249
251,0.767679
250,0.790206
249,0.829959
248,0.789848
247,0.785179
246,0.966705
245,0.99293
244,1.01645
243,1.18086
242,1.1096
241,1.24524
240,1.24845
239,1.26211
238,1.35738
237,1.30909
236,1.50763
235,1.57183
234,1.78402
233,1.94894
232,2.10456
231,2.18124
230,2.42369
229,2.98695
228,3.34317
227,3.51777
226,4.69355
225,6.13002
224,4.97177
223,6.28078
222,6.8176
221,8.58093
220,9.37181
219,12.836
218,14.5352
217,18.7762
216,22.7125
215,35.169
214,40.0576
213,52.0846
212,76.4552
211,86.0386
210,93.8807
209,86.0954
208,100.565
207,86.2765
206,95.7495
205,84.571
204,88.1
203,93.8527
202,79.4696
201,91.2144
200,79.7052

600,17.8675
599,17.8675
598,17.8675
597,17.8675
596,17.8675
595,17.8675
594,17.8675
593,17.8675
592,17.8675
591,17.8675
590,17.8675
589,17.8675
588,17.8675
587,17.8675
586,17.8675
585,17.8675
584,17.8675
583,17.9176
582,17.8675
581,17.8675
580,17.8675
579,17.9176
578,17.8675
577,17.8675
576,17.8675
575,17.8675
574,17.8675
573,17.8675
572,17.8675
571,17.8675
570,17.8675
569,17.8675
568,17.8675
567,17.8675
566,17.8675
565,17.8675
564,17.9176
563,17.8675
562,17.8675
561,17.8675
560,17.8675
559,17.8675
558,17.9176
557,17.8675
556,17.8675
555,17.8675
554,17.8675
553,17.8675
552,17.8675
551,17.8675
550,17.8675
549,17.8675
548,17.8675
547,17.8675
546,17.8675
545,17.8675
544,17.9176
543,17.8675
542,17.8675
541,17.9176
540,17.8675
539,17.8675
538,17.8675
537,17.8675
536,17.8675
535,17.8675
534,17.8675
533,17.8675
532,17.8675
531,17.8675
530,17.8675
529,17.9176
528,17.9176
527,17.9176
526,17.9176
525,17.9176
524,17.8675
523,17.8675
522,17.8675
521,17.9176
520,17.8675
519,17.9176
518,17.8675
517,17.9176
516,17.8675
515,17.9176
514,17.9176
513,17.9176
512,17.9176
511,17.9176
510,17.9176
509,17.8675
508,17.8675
507,17.9176
506,17.9176
505,17.9176
504,17.9176
503,17.9176
502,17.9176
501,17.8675
500,17.8675
499,17.8675
498,17.9176
497,17.9176
496,17.9176
495,17.9176
494,17.9176
493,17.8675
492,17.9176
491,17.9176
490,17.9176
489,17.9176
488,17.9176
487,17.8675
486,17.9176
485,17.9176
484,17.9176
483,17.9176
482,17.9176
481,17.9176
480,17.8675
479,17.9176
478,17.9176
477,17.9176
476,17.9176
475,17.9176
474,17.9176
473,17.9176
472,17.9176
471,17.9176
470,17.9176
469,17.9176
468,17.9176
467,17.9176
466,17.9176
465,17.9176
464,17.9176
463,17.9176
462,17.9176
461,17.9176
460,17.9176
459,17.9176
458,17.9176
457,17.9176
456,17.9176
455,17.9176
454,17.9176
453,17.9176
452,17.9176
451,17.9176
450,17.9176
449,17.9176
448,17.9176
447,17.9176
446,17.9176
445,17.9176
444,17.9176
443,17.9176
442,17.9176
441,17.9176
440,17.9176
439,17.9176
438,17.9176
437,17.9176
436,17.9176
435,17.9176
434,17.9176
433,17.9176
432,17.9176
431,17.9176
430,17.9176
429,17.9176
428,17.9176
427,17.9176
426,17.9176
425,17.9176
424,17.9176
423,17.9176
422,17.9176
421,17.9176
420,17.9176
419,17.9176
418,17.9176
417,17.9176
416,17.9176
415,17.9176
414,17.9176
413,17.9176
412,17.9176
411,17.9176
410,17.9176
409,17.9176
408,17.9176
407,17.9176
406,17.9176
405,17.9176
404,17.9176
403,17.9176
402,17.9176
401,17.9176
400,17.9176
399,17.9176
398,17.9176
397,17.9176
396,17.9176
395,17.9176
394,17.9176
393,17.9176
392,17.9176
391,17.9176
390,17.9176
389,17.9176
388,17.9176
387,17.9176
386,17.9176
385,17.9176
384,17.9176
383,17.9176
382,17.9176
381,17.9176
380,17.9176
379,17.9176
378,17.9176
377,17.9176
376,17.9176
375,17.9176
374,17.9176
373,17.9176
372,17.9176
371,17.9176
370,17.9677
369,17.9176
368,17.9176
367,17.9176
366,17.9176
365,17.9176
364,17.9176
363,17.9176
362,17.9677
361,17.9176
360,17.9176
359,17.9176
358,17.9677
357,17.9176
356,17.9677
355,17.9677
354,17.9176
353,17.9176
352,17.9176
351,17.9677
350,17.9176
349,17.9677
348,17.9677
347,17.9677
346,17.9677
345,17.9677
344,17.9677
343,17.9176
342,17.9677
341,17.9677
340,17.9677
339,17.9677
338,17.9176
337,17.9677
336,17.9677
335,17.9176
334,17.9677
333,17.9677
332,17.9176
331,17.9677
330,17.9677
329,17.9677
328,17.9677
327,17.9677
326,17.9677
325,17.9677
324,17.9677
323,17.9677
322,17.9677
321,17.9677
320,17.9677
319,17.9677
318,17.9176
317,17.9677
316,17.9677
315,17.9176
314,17.9677
313,17.9677
312,17.9677
311,17.9677
310,17.9677
309,17.9176
308,17.9677
307,17.9677
306,17.9677
305,17.9677
304,17.9677
303,17.9677
302,17.9677
301,17.9677
300,17.9677
299,17.9677
298,17.9677
297,17.9677
296,17.9677
295,17.9677
294,17.9677
293,17.9677
292,17.9677
291,17.9677
290,17.9677
289,17.9677
288,17.8675
287,17.9677
286,17.9677
285,17.9677
284,17.9677
283,17.9677
282,17.9677
281,17.9677
280,17.9677
279,17.9677
278,17.9677
277,17.9677
276,17.9677
275,17.9677
274,17.9677
273,17.9677
272,17.9677
271,17.9677
270,17.9677
269,17.9677
268,17.9677
267,17.9677
266,17.9677
265,17.9677
264,17.9677
263,17.9677
262,17.9677
261,17.9677
260,17.9677
259,17.9677
258,17.9677
257,17.9677
256,17.9677
255,17.9677
254,17.9677
253,17.9677
252,17.9677
251,17.9677
250,17.9677
249,17.9677
248,17.9677
247,17.9677
246,17.9677
245,17.9677
244,17.9677
243,17.9677
242,17.9677
241,17.9677
240,17.9677
239,17.9677
238,17.9677
237,17.9677
236,17.9677
235,17.9677
234,17.9677
233,17.9677
232,17.9677
231,18.0178
230,17.9677
229,17.9677
228,17.9677
227,17.9677
226,17.9677
225,17.9677
224,17.9677
223,17.9677
222,17.9677
221,17.9677
220,17.9677
219,18.0178
218,17.9677
217,17.9677
216,17.9677
215,18.0178
214,17.9677
213,18.0178
212,17.9677
211,17.9677
210,18.0178
209,18.0178
208,17.9677
207,17.9677
206,17.9677
205,17.9677
204,17.9677
203,17.9677
202,18.0178
201,18.0178
200,18.0178

